	Event_Type	Count	Sample_sentence	Trigger	Start	End
0	Contact:Meet	44	新华社巴西利亚１２月１５日电（记者杨立民　殷永建）南方共同 市场（南共市）第１９次首脑会议１５日在巴西南方海滨城市弗洛 里亚诺波利斯闭幕。	会议	10	11
1	Contact:Meet	44	在会议上，南共市各国一致同意采取宏观经济趋同机制，确定了成 员国年通货膨胀率为５％等经济趋同目标，并就降低共同对外关税 问题达成协议，决定从２００１年起将对南共市成员国之外国家的 进口税降低０．５％。	会议	0	1
2	Contact:Meet	44	与会首脑还认为，玻利维亚同南共市双边关系的发展令人满意，决 定加快玻利维亚加入南共市的进程。	会	0	1
3	Contact:Meet	44	在本次会议上，南共市还与南非签署了建立自由贸易区的框架协议 ，决定成立一个谈判委员会，负责相互介绍各自的现行关税、贸易 政策和市场准入制度，研究包括相互给与优惠关税等促进贸易交流 的措施，制定谈判规则并根据世贸组织的原则进行建立自由贸易区 的谈判。	会议	0	1
4	Contact:Meet	44	会议期间，代表们还参观了古巴的一些医疗设施并和当地组织和团 体进行了座谈，对古巴的现状有了更好的了解。	座谈	3	4
5	Contact:Meet	44	新华社安曼１０月２日电（记者鲁绍明）约旦国王阿卜杜拉和来访 的巴勒斯坦民族权力机构主席阿拉法特２日在安曼会晤时表示，支 持尽快召开一次阿拉伯紧急首脑会议，讨论约旦河西岸和加沙地带 最近不断恶化的局势 。	会晤	5	6
6	Contact:Meet	44	阿拉法特在会晤中高度评价约旦对巴勒斯坦人民为恢复自己的合法 权利，其中包括在自己的领土上建立以耶路撒冷为首都的独立国家 权利所作的努力给予的一贯支持，并对约旦政府决定收治巴勒斯坦 伤员表示感谢。	会晤	0	1
7	Contact:Meet	44	一名巴勒斯坦人在加沙地带靠近一个以色列军队哨所的地方发动自 杀性爆炸攻击，把自己炸死， 伊斯兰胜战者组织表示对这次自杀 性袭击事故负责，并警告说这不是最后的一次，这名巴勒斯坦 人 骑着自行车接近以色列哨所，在保护墙墙边引爆炸弹，一名以色列 军人受轻伤，以色列军方指 责巴勒斯坦当局纵容这次袭击，巴勒 斯坦一位安全官员驳斥这种指责，当天是伊斯兰圣战者组织 领导 人西卡奇遇刺5周年，人们普遍都指责那次行刺是以色列部队干的 ，既将担任黎巴嫩总理的哈 利里组成了有将近30名成员的内阁 ，其中穆斯林和基督教徒人数相当，哈利里和拉夫德总统以及 贝 里议长开会之后宣布了这个名单，新内阁几乎比原政府的内阁大了 1倍，只包括了4名原来的内 阁成员，一些黎巴嫩政界人士指责 叙利亚干预部长的选举，给这个过程蒙上了阴影。	开会	38	39
8	Contact:Meet	44	新华社香港１２月１６日电　中国奥委会副主席、国家体育总局副 局长李富荣日前在这里会见香港特区民政事务局局长林焕光和香港 奥委会会长霍震霆时表示，虽然北京在申办２００８年奥运会上有 相当机会，但对手的实力也很强，能否获得主办权尚属未知数。	会见	4	5
9	Contact:Meet	44	新华社银川１２月６日电（记者孙波 刘泉龙）记者从昨天召开的 宁夏石油天然气勘查开发工作会议上获悉，为了加快宁夏油气资源 勘查开发步伐，自治区政府邀请正在宁夏进行油气资源勘查开发的 ４大油田到会，与地质专家、政府部门共同商讨加快油气资源勘查 开发的实施办法。	会议	6	7
10	Contact:Meet	44	"本坛讯 ：西祠""市民论坛""第一次代表大会昨日（ 15 日） 在宁开幕，同日闭幕。"	大会	6	7
11	Contact:Meet	44	"第一次""市民论坛""代表大会昨日在宁开幕，同日闭幕"	大会	4	5
12	Contact:Meet	44	新华社新加坡１１月２３日电应新加坡总理吴作栋的邀请，中国国 务院总理朱（金字旁容）基２３日下午乘专机抵达新加坡，出席将 在这里举行的第四次东盟与中日韩领导人会晤和东盟与中国领导人 会晤。	会晤	10	11
13	Contact:Meet	44	新华社新加坡１１月２３日电应新加坡总理吴作栋的邀请，中国国 务院总理朱（金字旁容）基２３日下午乘专机抵达新加坡，出席将 在这里举行的第四次东盟与中日韩领导人会晤和东盟与中国领导人 会晤。	会晤	11	12
14	Contact:Meet	44	当天下午，朱（金字旁容）基和吴作栋在新加坡总统府举行了会见 。	会见	6	7
15	Contact:Meet	44	在访问美国太平洋总部期间，于永波会见了美太平洋总部司令布莱 尔，并听取了太平洋总部情况介绍，参观了亚太安全研究中心和“ 皇家港”号宙斯盾巡洋舰以及其他军事单位。	会见	2	3
16	Contact:Meet	44	新华社合肥１２月３１日电（记者张曙光）今天夜里，中国科学技 术大学绿色科技中心的１０多名教授聚集在一起座谈迎接绿色科技 新世纪，并为即将离去的２０世纪守夜。	座谈	7	8
17	Contact:Meet	44	新华社乌鲁木齐１０月８日电（记者孙彬）新疆维吾尔自治区党委 、政府、新疆军区和新疆生产建设兵团的领导今晚在“奥运健儿祖 国西部行”代表团住宿的宾馆会见了代表团成员，并同奥运健儿进 行了气氛热烈的座谈。	会见	13	14
18	Contact:Meet	44	新华社乌鲁木齐１０月８日电（记者孙彬）新疆维吾尔自治区党委 、政府、新疆军区和新疆生产建设兵团的领导今晚在“奥运健儿祖 国西部行”代表团住宿的宾馆会见了代表团成员，并同奥运健儿进 行了气氛热烈的座谈。	座谈	16	17
19	Contact:Meet	44	据了解，代表团将在乌鲁木齐停留３天，９日上午在新疆师范大学 与新疆６所高校师生交流，下午在新疆人民会堂举行报告会和体育 表演。	交流	5	6
20	Contact:Meet	44	新华社北京１０月１２日电（记者谭国器）全国人大常委会委员长 李鹏今天在人民大会堂会见了由国际狮子会会长让·贝亚尔率领的 国际狮子会代表团及来京参加“世界视觉日”活动的９个国家和地 区的眼科专家。	会见	5	6
21	Contact:Meet	44	新华社济南１０月３日电（记者赵海波　张荣大）今天，中央领导 同志集体会见奥运健儿，江泽民总书记发表重要讲话，山东各界对 此反响热烈。	会见	8	9
22	Contact:Meet	44	在以巴流血冲突持续近两个月后，１００多名以色列和平倡导者２ ５日来到东耶路撒冷的巴勒斯坦办事处“东方大厦”，参加一场巴 勒斯坦和以色列人面对面的沟通会，为中东和平搭起一座心桥。	沟通会	9	10
23	Contact:Meet	44	会议结束时通过了四点声明，即要求以色列政府从在１９６７年战 争中占领的包括东耶路撒冷在内的土地上撤出；撤除定居点；以联 合国决议为基础解决巴难民问题；建立以东耶路撒冷为首都的巴勒 斯坦国，实现以巴持久和平。	会议	0	1
24	Contact:Meet	44	他来回奔跑近6000里地， 只为了一时冲动想要见她。	见	2	3
25	Contact:Meet	44	美国总统克林顿表示：他还没有决定是否访问北韩，克林顿是星期 五在白宫向记者说这番话的， 前一天美国国务卿奥尔布赖特刚刚 从平壤返回，奥尔布赖特此行是同北韩方面磋商克林顿可能进 行 的访问，克林顿表示尽管北韩领导人金正日保证他的国家将停止发 展导弹计划，但他仍然对这 个问题十分关切，星期一，金正日向 奥尔布赖特作了以上保证，两国的导弹专家下星期将在一个 尚未 透露的地点，继续就这个问题进行讨论。	讨论	29	30
26	Contact:Meet	44	新华社拉各斯１１月３日电（记者叶兴增）尼日利亚总统奥巴桑乔 ３日在首都阿布贾与来访的利比里亚总统泰勒举行会谈，双方就科 特迪瓦和塞拉利昂目前局势、利比里亚和几内亚的边界冲突及地区 形势的最新发展交换了意见。	会谈	5	6
27	Contact:Meet	44	泰勒也表示，他愿意会见几内亚领导人，以便能有机会坐下来“面 对面地解决双方的争执”。	会见	2	3
28	Contact:Meet	44	虽然行政院停建核试的决策过程好奇，不过中研院长李永哲说他事 先是毫不知情，不过既然身为 是跨党派小组招集人，下午的会议 他们会进一步讨论国内下一步应该怎么走。	会议	8	9
29	Contact:Meet	44	新华社北京１０月４日电北京、上海、河北、山西、福建、贵州等 省市天主教界今天分别召开座谈会，一致表示，坚决拥护我外交部 声明和国家宗教局发言人谈话，坚决支持中国天主教“一会一团” 的严正声明，对梵蒂冈借“封圣”之名歪曲和篡改历史，利用宗教 干涉中国内政的反华行径表示坚决抵制和反对。	座谈会	11	12
30	Contact:Meet	44	记者了解到，近日，全国各省区市的天主教界以及其他宗教团体陆 续举行座谈会，对梵蒂冈借“封圣”搞反华的行径进行声讨。	座谈会	5	6
31	Contact:Meet	44	新华社北京１０月３日电中国佛教协会、中国伊斯兰教协会和中国 道教协会今天分别举行座谈会，一致表示坚决拥护我外交部声明和 国家宗教局发言人谈话，严厉谴责梵蒂冈利用宗教问题干涉中国内 政的图谋，并对我国天主教会的爱国行动表示声援。	座谈会	3	4
32	Contact:Meet	44	新华社雅加达１０月３日电 （记者麦棠源）印度尼西亚副总统梅 加瓦蒂今天中午接见了奥运代表团成员，祝贺运动员取得一枚金牌 、三枚银牌和两枚铜牌的成绩。	接见	5	6
33	Contact:Meet	44	新华社阿尔及尔１０月２３日电（记者徐东华）埃塞俄比亚与厄立 特里亚代表２３日在这里举行谈判，以期达成一项全面、持久的和 平协定，	谈判	5	6
34	Contact:Meet	44	这次谈判的目的是要为全面、持久解决两国边界纠纷达成协定，并 进一步巩固两国在４个月前签署的停火协议的成果，为最终实现两 国关系正常化铺平道路。	谈判	0	1
35	Contact:Meet	44	参加谈判的有埃塞俄比亚外长梅斯芬、厄立特里亚外长阿卜杜拉、 联合国埃厄特派团负责人萨克塞纳、非洲统一组织负责政治事务的 副秘书长吉尼特以及美国和欧盟代表等。	谈判	0	1
36	Contact:Meet	44	新华社澳门１２月２０日电（记者杨国强、孙承斌）中共中央总书 记、国家主席、中央军委主席江泽民今天上午在澳门会见了出席澳 门回归祖国一周年庆祝活动的香港特别行政区行政长官董建华一行 。	会见	11	12
37	Contact:Meet	44	陪同江泽民会见的有：中共中央政治局委员、国务院副总理钱其琛 ，中央军委委员、中国人民解放军总政治部主任于永波，中共中央 办公厅主任王刚，国务院港澳事务办公室主任廖晖。	会见	0	1
38	Contact:Meet	44	香港特别行政区终审法院首席法官李国能、政务司司长陈方安生、 财政司司长曾荫权、行政会议召集人梁振英、立法会主席范徐丽泰 参加了会见。	会见	9	10
39	Contact:Meet	44	会见时在座的还有澳门特别行政区行政长官何厚铧。	会见	0	1
40	Contact:Meet	44	这是记者在今天结束的全国七大流域（片）水功能区划报告专家座 谈会上了解到的。	"座
谈会"	4	6
41	Contact:Meet	44	英格兰足总将在１月份前往罗马与埃里克森和拉齐奥俱乐部进行商 谈，就埃里克森能否提前执教英格兰队的事情进行谈判。	"商
谈"	0	2
42	Contact:Meet	44	英格兰足总将在１月份前往罗马与埃里克森和拉齐奥俱乐部进行商 谈，就埃里克森能否提前执教英格兰队的事情进行谈判。	谈判	3	4
43	Contact:Meet	44	执政的民进党主席谢长庭下午在与陈水扁总统会谈之后，也发表看 法认为：在野党执意罢免行动 恐怕对于民生社会是会产生负面效 果。	会谈	0	1
44	Conflict:Attack	74	阿卜杜拉和阿拉法特呼吁尽快成立由巴、以、美安全官员组成的三 方委员会，并在美国的主持下对几天来巴以流血冲突事件迅速进行 调查。	冲突	7	8
45	Conflict:Attack	74	两位领导人强烈谴责以色列军队对巴勒斯坦人民的挑衅行为和血腥 镇压，要求以色列军队迅速从它上月２９日以来占领的巴勒斯坦地 区撤离。	挑衅	0	1
46	Conflict:Attack	74	两位领导人强烈谴责以色列军队对巴勒斯坦人民的挑衅行为和血腥 镇压，要求以色列军队迅速从它上月２９日以来占领的巴勒斯坦地 区撤离。	镇压	1	2
47	Conflict:Attack	74	事发当天，一个名为“萨拉丁旅”的新的巴勒斯坦武装组织声称对 上述事件负责。	事	0	1
48	Conflict:Attack	74	一名巴勒斯坦人在加沙地带靠近一个以色列军队哨所的地方发动自 杀性爆炸攻击，把自己炸死， 伊斯兰胜战者组织表示对这次自杀 性袭击事故负责，并警告说这不是最后的一次，这名巴勒斯坦 人 骑着自行车接近以色列哨所，在保护墙墙边引爆炸弹，一名以色列 军人受轻伤，以色列军方指 责巴勒斯坦当局纵容这次袭击，巴勒 斯坦一位安全官员驳斥这种指责，当天是伊斯兰圣战者组织 领导 人西卡奇遇刺5周年，人们普遍都指责那次行刺是以色列部队干的 ，既将担任黎巴嫩总理的哈 利里组成了有将近30名成员的内阁 ，其中穆斯林和基督教徒人数相当，哈利里和拉夫德总统以及 贝 里议长开会之后宣布了这个名单，新内阁几乎比原政府的内阁大了 1倍，只包括了4名原来的内 阁成员，一些黎巴嫩政界人士指责 叙利亚干预部长的选举，给这个过程蒙上了阴影。	攻击	1	2
49	Conflict:Attack	74	一名巴勒斯坦人在加沙地带靠近一个以色列军队哨所的地方发动自 杀性爆炸攻击，把自己炸死， 伊斯兰胜战者组织表示对这次自杀 性袭击事故负责，并警告说这不是最后的一次，这名巴勒斯坦 人 骑着自行车接近以色列哨所，在保护墙墙边引爆炸弹，一名以色列 军人受轻伤，以色列军方指 责巴勒斯坦当局纵容这次袭击，巴勒 斯坦一位安全官员驳斥这种指责，当天是伊斯兰圣战者组织 领导 人西卡奇遇刺5周年，人们普遍都指责那次行刺是以色列部队干的 ，既将担任黎巴嫩总理的哈 利里组成了有将近30名成员的内阁 ，其中穆斯林和基督教徒人数相当，哈利里和拉夫德总统以及 贝 里议长开会之后宣布了这个名单，新内阁几乎比原政府的内阁大了 1倍，只包括了4名原来的内 阁成员，一些黎巴嫩政界人士指责 叙利亚干预部长的选举，给这个过程蒙上了阴影。	炸	3	4
50	Conflict:Attack	74	一名巴勒斯坦人在加沙地带靠近一个以色列军队哨所的地方发动自 杀性爆炸攻击，把自己炸死， 伊斯兰胜战者组织表示对这次自杀 性袭击事故负责，并警告说这不是最后的一次，这名巴勒斯坦 人 骑着自行车接近以色列哨所，在保护墙墙边引爆炸弹，一名以色列 军人受轻伤，以色列军方指 责巴勒斯坦当局纵容这次袭击，巴勒 斯坦一位安全官员驳斥这种指责，当天是伊斯兰圣战者组织 领导 人西卡奇遇刺5周年，人们普遍都指责那次行刺是以色列部队干的 ，既将担任黎巴嫩总理的哈 利里组成了有将近30名成员的内阁 ，其中穆斯林和基督教徒人数相当，哈利里和拉夫德总统以及 贝 里议长开会之后宣布了这个名单，新内阁几乎比原政府的内阁大了 1倍，只包括了4名原来的内 阁成员，一些黎巴嫩政界人士指责 叙利亚干预部长的选举，给这个过程蒙上了阴影。	袭击	6	7
51	Conflict:Attack	74	一名巴勒斯坦人在加沙地带靠近一个以色列军队哨所的地方发动自 杀性爆炸攻击，把自己炸死， 伊斯兰胜战者组织表示对这次自杀 性袭击事故负责，并警告说这不是最后的一次，这名巴勒斯坦 人 骑着自行车接近以色列哨所，在保护墙墙边引爆炸弹，一名以色列 军人受轻伤，以色列军方指 责巴勒斯坦当局纵容这次袭击，巴勒 斯坦一位安全官员驳斥这种指责，当天是伊斯兰圣战者组织 领导 人西卡奇遇刺5周年，人们普遍都指责那次行刺是以色列部队干的 ，既将担任黎巴嫩总理的哈 利里组成了有将近30名成员的内阁 ，其中穆斯林和基督教徒人数相当，哈利里和拉夫德总统以及 贝 里议长开会之后宣布了这个名单，新内阁几乎比原政府的内阁大了 1倍，只包括了4名原来的内 阁成员，一些黎巴嫩政界人士指责 叙利亚干预部长的选举，给这个过程蒙上了阴影。	引爆	14	15
52	Conflict:Attack	74	一名巴勒斯坦人在加沙地带靠近一个以色列军队哨所的地方发动自 杀性爆炸攻击，把自己炸死， 伊斯兰胜战者组织表示对这次自杀 性袭击事故负责，并警告说这不是最后的一次，这名巴勒斯坦 人 骑着自行车接近以色列哨所，在保护墙墙边引爆炸弹，一名以色列 军人受轻伤，以色列军方指 责巴勒斯坦当局纵容这次袭击，巴勒 斯坦一位安全官员驳斥这种指责，当天是伊斯兰圣战者组织 领导 人西卡奇遇刺5周年，人们普遍都指责那次行刺是以色列部队干的 ，既将担任黎巴嫩总理的哈 利里组成了有将近30名成员的内阁 ，其中穆斯林和基督教徒人数相当，哈利里和拉夫德总统以及 贝 里议长开会之后宣布了这个名单，新内阁几乎比原政府的内阁大了 1倍，只包括了4名原来的内 阁成员，一些黎巴嫩政界人士指责 叙利亚干预部长的选举，给这个过程蒙上了阴影。	袭击	20	21
53	Conflict:Attack	74	一名巴勒斯坦人在加沙地带靠近一个以色列军队哨所的地方发动自 杀性爆炸攻击，把自己炸死， 伊斯兰胜战者组织表示对这次自杀 性袭击事故负责，并警告说这不是最后的一次，这名巴勒斯坦 人 骑着自行车接近以色列哨所，在保护墙墙边引爆炸弹，一名以色列 军人受轻伤，以色列军方指 责巴勒斯坦当局纵容这次袭击，巴勒 斯坦一位安全官员驳斥这种指责，当天是伊斯兰圣战者组织 领导 人西卡奇遇刺5周年，人们普遍都指责那次行刺是以色列部队干的 ，既将担任黎巴嫩总理的哈 利里组成了有将近30名成员的内阁 ，其中穆斯林和基督教徒人数相当，哈利里和拉夫德总统以及 贝 里议长开会之后宣布了这个名单，新内阁几乎比原政府的内阁大了 1倍，只包括了4名原来的内 阁成员，一些黎巴嫩政界人士指责 叙利亚干预部长的选举，给这个过程蒙上了阴影。	刺	27	28
54	Conflict:Attack	74	一名巴勒斯坦人在加沙地带靠近一个以色列军队哨所的地方发动自 杀性爆炸攻击，把自己炸死， 伊斯兰胜战者组织表示对这次自杀 性袭击事故负责，并警告说这不是最后的一次，这名巴勒斯坦 人 骑着自行车接近以色列哨所，在保护墙墙边引爆炸弹，一名以色列 军人受轻伤，以色列军方指 责巴勒斯坦当局纵容这次袭击，巴勒 斯坦一位安全官员驳斥这种指责，当天是伊斯兰圣战者组织 领导 人西卡奇遇刺5周年，人们普遍都指责那次行刺是以色列部队干的 ，既将担任黎巴嫩总理的哈 利里组成了有将近30名成员的内阁 ，其中穆斯林和基督教徒人数相当，哈利里和拉夫德总统以及 贝 里议长开会之后宣布了这个名单，新内阁几乎比原政府的内阁大了 1倍，只包括了4名原来的内 阁成员，一些黎巴嫩政界人士指责 叙利亚干预部长的选举，给这个过程蒙上了阴影。	行刺	29	30
55	Conflict:Attack	74	１９９１年海湾战争结束后，根据联合国安理会６８９号决议，联 合国向在科、伊边境划定的非军事区派出了联合国军事观察团，其 任务是监督该地区领空的一切军事活动，确保科、伊边境的安全与 稳定。	战争	0	1
56	Conflict:Attack	74	“国家有他的法令，什么都可以重审，总是第一次大人都无罪，那 干脆每个人都可以杀一个人啊 ，那杀第二个人就可以关了。”	杀	8	9
57	Conflict:Attack	74	“国家有他的法令，什么都可以重审，总是第一次大人都无罪，那 干脆每个人都可以杀一个人啊 ，那杀第二个人就可以关了。”	杀	10	11
58	Conflict:Attack	74	昨天在高雄县有部分支持民进党的民众包围立法院长王新平的服务 处，并且引发了流血冲突，而 下午支持王新平的民众也不甘示弱 ，而在下午发动2000人赶来声援，就在这紧要关系的同时，民  进党主席谢长庭表示：已经要求党员进行劝阻，必要时候用党纪 处分，以免付出更大的社会成本 。	冲突	3	4
59	Conflict:Attack	74	对于政局的纷扰不安，以及最近民进党员因为反对罢免案不断的发 动抗争引发冲突，身为党主席 的高雄市长谢长庭上午语重心长的 表示：社会应该尽快脱离非理性的抗争，以公共政策的讨论才 会 对国家有帮助，他已经要求各地方党部禁止参与非理性的抗争活动 ，已经有初步的成果。	冲突	3	4
60	Conflict:Attack	74	新华社安曼１０月８日电（记者 鲁绍明）约旦政府决定，暂不派 驻以色列新大使，以抗议以色列当局近日来对巴勒斯坦人民的暴行 。	暴行	10	11
61	Conflict:Attack	74	新华社哈尔滨１０月８日电（何文泽、梁维德）铁路警察杜海平在 下班回家途中，面对正在持刀逃跑的歹徒，他挺身而出，持手空拳 与歹徒进行殊死搏斗，英勇牺牲，为及时擒获歹徒赢得了战机，谱 写了一曲英雄主义凯歌。	搏斗	14	15
62	Conflict:Attack	74	新华社北京１１月１日电（记者李煦　牛爱民）北京市第一中级人 民法院今天在此间公开开庭审理了一起因怀疑他人与其夫有染，在 繁华地区当街持刀杀人案。	杀	9	10
63	Conflict:Attack	74	新华社金边１１月２４日电（记者晏明　李超碧）柬埔寨首都金边 市政府２４日上午发表声明说，柬政府武装力量已经逮捕了参与２ ４日凌晨在金边市武装袭击军警的恐怖分子２１人，击毙７人。	袭击	9	10
64	Conflict:Attack	74	新华社金边１１月２４日电（记者晏明　李超碧）柬埔寨首都金边 市政府２４日上午发表声明说，柬政府武装力量已经逮捕了参与２ ４日凌晨在金边市武装袭击军警的恐怖分子２１人，击毙７人。	击	11	12
65	Conflict:Attack	74	新华社联合国１０月１２日电（记者丁宝忠）巴勒斯坦常驻联合国 观察员基德瓦１２日致信安理会主席，要求召开安理会紧急会议， 制止以色列对巴勒斯坦人使用武力。	使用武力	9	10
66	Conflict:Attack	74	信中说，以色列１２日对加沙和约旦河西岸进行的袭击等于是对巴 勒斯坦人民“全面宣战”，这些军事行动在巴勒斯坦被占领土上造 成了大量人员伤亡和财产损失，违反了包括联合国决议在内的国际 准则，给地区冲突带来了新的不祥之兆。	袭击	2	3
67	Conflict:Attack	74	信中说，以色列１２日对加沙和约旦河西岸进行的袭击等于是对巴 勒斯坦人民“全面宣战”，这些军事行动在巴勒斯坦被占领土上造 成了大量人员伤亡和财产损失，违反了包括联合国决议在内的国际 准则，给地区冲突带来了新的不祥之兆。	宣战	5	6
68	Conflict:Attack	74	信中说，以色列１２日对加沙和约旦河西岸进行的袭击等于是对巴 勒斯坦人民“全面宣战”，这些军事行动在巴勒斯坦被占领土上造 成了大量人员伤亡和财产损失，违反了包括联合国决议在内的国际 准则，给地区冲突带来了新的不祥之兆。	冲突	14	15
69	Conflict:Attack	74	基德瓦向记者发表谈话说，巴勒斯坦希望安理会通过一项决议，要 求以色列立即停止暴力行动和使用武力，执行安理会本月７日通过 的有关决议，同联合国秘书长安南的和平努力进行合作。	使用武力	5	6
70	Conflict:Attack	74	基德瓦向记者发表谈话说，巴勒斯坦希望安理会通过一项决议，要 求以色列立即停止暴力行动和使用武力，执行安理会本月７日通过 的有关决议，同联合国秘书长安南的和平努力进行合作。	暴力行动	5	6
71	Conflict:Attack	74	新华社加沙１１月１９日电（记者马晓霖）巴勒斯坦民族权力机构 １９再次重申，禁止巴勒斯坦人向以色列目标开枪等可能引起双方 冲突的行为，努力控制流血冲突，避免局势再度恶化。	冲突	8	9
72	Conflict:Attack	74	新华社加沙１１月１９日电（记者马晓霖）巴勒斯坦民族权力机构 １９再次重申，禁止巴勒斯坦人向以色列目标开枪等可能引起双方 冲突的行为，努力控制流血冲突，避免局势再度恶化。	冲突	10	11
73	Conflict:Attack	74	新华社加沙１１月１９日电（记者马晓霖）巴勒斯坦民族权力机构 １９再次重申，禁止巴勒斯坦人向以色列目标开枪等可能引起双方 冲突的行为，努力控制流血冲突，避免局势再度恶化。	开枪	7	8
74	Conflict:Attack	74	巴最高安全委员会在声明中还明确规定在校学生不准到冲突前沿， 并禁止在游行活动中蒙面，以免“外人”混入群众队伍制造事端。	冲突	0	1
75	Conflict:Attack	74	继本月１７日阿拉法特首次公开命令巴勒斯坦人停止袭击以色列目 标后，巴民族权力机构１８日又再次主动提出调查当天发生的枪击 以军士兵的事件，并呼吁以军不要实施报复，以免事态进一步恶化 。	袭击	0	1
76	Conflict:Attack	74	继本月１７日阿拉法特首次公开命令巴勒斯坦人停止袭击以色列目 标后，巴民族权力机构１８日又再次主动提出调查当天发生的枪击 以军士兵的事件，并呼吁以军不要实施报复，以免事态进一步恶化 。	枪击	3	4
77	Conflict:Attack	74	新华社成都１２月２１日电（记者任硌）在四川引起强烈反响的资 阳市“９·４”带黑社会性质的特大持枪杀人案日前经资阳地区中 级人民法院一审审理终结，余茂学、黄胜、廖忠福、李月刚等４名 被告被依法判处死刑，替余茂学通风报信的莫维刚被判处有期徒刑 两年。	杀	11	12
78	Conflict:Attack	74	新华社加沙１０月１日电（记者马晓霖）巴勒斯坦领导机构１日晚 呼吁国际社会立即采取行动介入巴以冲突，制止以色列军队对巴勒 斯坦人的武装镇压。	冲突	5	6
79	Conflict:Attack	74	新华社加沙１０月１日电（记者马晓霖）巴勒斯坦领导机构１日晚 呼吁国际社会立即采取行动介入巴以冲突，制止以色列军队对巴勒 斯坦人的武装镇压。	镇压	8	9
80	Conflict:Attack	74	公报重申巴领导机构有责任保卫巴勒斯坦人的生命安全，警告以色 列不得继续扩大冲突并故意射杀手无寸铁的巴勒斯坦平民。	冲突	3	4
81	Conflict:Attack	74	公报还呼吁联合国安理会、各国际组织、阿拉伯和伊斯兰国家立即 行动起来，阻止以色列对巴勒斯坦人实施暴力。	暴力	7	8
82	Conflict:Attack	74	据巴方统计，在过去４天的冲突中，已有３１名巴勒斯坦人被以军 打死，１３００多人受伤。	冲突	2	3
83	Conflict:Attack	74	据巴方统计，在过去４天的冲突中，已有３１名巴勒斯坦人被以军 打死，１３００多人受伤。	打	5	6
84	Conflict:Attack	74	在以巴流血冲突持续近两个月后，１００多名以色列和平倡导者２ ５日来到东耶路撒冷的巴勒斯坦办事处“东方大厦”，参加一场巴 勒斯坦和以色列人面对面的沟通会，为中东和平搭起一座心桥。	冲突	0	1
85	Conflict:Attack	74	那一顿痛打直接把他打成了神经衰弱，他对很多事情开始没理由的 猜疑； 出门走几步总是会回头，再确认到底有没有锁门， 每回 门都是锁的好好的。	痛打	0	1
86	Conflict:Attack	74	新华社耶路撒冷１０月６日电（记者戚德良　钟翠花）大约２万多 名巴勒斯坦人６日上午在东耶路撒冷圣殿山阿克萨清真寺祈祷完毕 后举行示威活动，抗议以色列军警在最近以巴流血冲突中枪杀巴勒 斯坦民众，并与以色列军队再次发生冲突。	冲突	9	10
87	Conflict:Attack	74	新华社耶路撒冷１０月６日电（记者戚德良　钟翠花）大约２万多 名巴勒斯坦人６日上午在东耶路撒冷圣殿山阿克萨清真寺祈祷完毕 后举行示威活动，抗议以色列军警在最近以巴流血冲突中枪杀巴勒 斯坦民众，并与以色列军队再次发生冲突。	枪杀	9	10
88	Conflict:Attack	74	新华社耶路撒冷１０月６日电（记者戚德良　钟翠花）大约２万多 名巴勒斯坦人６日上午在东耶路撒冷圣殿山阿克萨清真寺祈祷完毕 后举行示威活动，抗议以色列军警在最近以巴流血冲突中枪杀巴勒 斯坦民众，并与以色列军队再次发生冲突。	冲突	12	13
89	Conflict:Attack	74	他说，以军还无端向拉法海关出口处的巴边防哨卡开枪，打死一名 巴边防警察。	开枪	2	3
90	Conflict:Attack	74	他说，以军还无端向拉法海关出口处的巴边防哨卡开枪，打死一名 巴边防警察。	打	4	5
91	Conflict:Attack	74	一名台北市民在10天前以自杀的方式来抗议建管处拆除原本不应 该拆除的旧违建，而今天他的家 属强烈控诉台北市政府见死不救 ，眼睁睁看着他服食农药，又没有通知医护单位进行急救，根本  就是草菅人命。	自杀	0	1
92	Conflict:Attack	74	新华社拉各斯１１月３日电（记者叶兴增）尼日利亚总统奥巴桑乔 ３日在首都阿布贾与来访的利比里亚总统泰勒举行会谈，双方就科 特迪瓦和塞拉利昂目前局势、利比里亚和几内亚的边界冲突及地区 形势的最新发展交换了意见。	冲突	10	11
93	Conflict:Attack	74	奥巴桑乔说，尼利两国领导人已就解决利比里亚和几内亚的边界冲 突，平息边境地区的紧张局势的行动纲领达成了一致。	"冲
突"	2	4
94	Conflict:Attack	74	近来，利比里亚和几内亚两国一直互相指责对方支持各自的反对派 越境袭击边界附近的村镇，双方武装部队的交火事件也时有发生， 致使两国关系更加紧张。	交火	5	6
95	Conflict:Attack	74	近来，利比里亚和几内亚两国一直互相指责对方支持各自的反对派 越境袭击边界附近的村镇，双方武装部队的交火事件也时有发生， 致使两国关系更加紧张。	袭击	3	4
96	Conflict:Attack	74	凌晨3点多这艘渔船在恶劣的海面中总算历劫归来，船长、轮机长 经过长达10几个小时的囚禁与殴 打身心受创，船长说大陆渔工 想回家乡可是没想到他们竟然会用暴力劫船。	暴力	9	10
97	Conflict:Attack	74	凌晨3点多这艘渔船在恶劣的海面中总算历劫归来，船长、轮机长 经过长达10几个小时的囚禁与殴 打身心受创，船长说大陆渔工 想回家乡可是没想到他们竟然会用暴力劫船。	殴 打	5	7
98	Conflict:Attack	74	新华社安曼１１月２１日电（记者鲁绍明）约旦国王阿卜杜拉２１ 日谴责以色列对巴勒斯坦人民实施的暴行，认为这一侵略行径给本 地区的安全与稳定造成了威胁 。	暴行	5	6
99	Conflict:Attack	74	新华社安曼１１月２１日电（记者鲁绍明）约旦国王阿卜杜拉２１ 日谴责以色列对巴勒斯坦人民实施的暴行，认为这一侵略行径给本 地区的安全与稳定造成了威胁 。	侵略	7	8
100	Conflict:Attack	74	“松谷峰这个战呢我是去的时候是已经早就解除了，那是二次战役 。”	战	1	2
101	Conflict:Attack	74	新华社马尼拉１２月３０日电菲律宾首都马尼拉地区３０日发生多 起炸弹爆炸事件，造成至少１３人死亡，７０多人受伤。	爆炸	1	2
102	Conflict:Attack	74	而被砍伤的职员刘通雄送医后，转送开刀房所幸没有伤及要害。	砍	0	1
103	Conflict:Attack	74	新华社耶路撒冷１０月８日电（记者戚德良）以色列北部的拿萨勒 市８日晚发生流血冲突，当地一名以色列籍阿拉伯人在冲突中丧生 ，数十人受伤。	冲突	7	8
104	Conflict:Attack	74	新华社耶路撒冷１０月８日电（记者戚德良）以色列北部的拿萨勒 市８日晚发生流血冲突，当地一名以色列籍阿拉伯人在冲突中丧生 ，数十人受伤。	冲突	5	6
105	Conflict:Attack	74	事件发生后，为抗议犹太人针对阿拉伯人的暴力行为，由阿拉伯政 党和地方行政机构的阿拉伯领导人组成的以色列阿拉伯监督委员会 当晚决定，自９日起在拿萨勒举行总罢工。	暴力	2	3
106	Conflict:Attack	74	高雄市的依明国中有一名国三学生被同学威胁，如果限时之内拿不 出钱来就会遭到50刀的砍杀， 这名同学心生恐惧下向校方检举 ，结果得到的回应是在训导处罚站一个礼拜。	砍杀	3	4
107	Conflict:Attack	74	新华社加沙１１月２２日电（记者马晓霖）５名巴勒斯坦人２２日 上午在加沙南部的米拉格定居点附近被以军打死，另有８人受伤。	打	5	6
108	Conflict:Attack	74	截至当天上午，在近两个月的以巴流血冲突中被打死的巴勒斯坦人 已经超过２６０人。	打	2	3
109	Conflict:Attack	74	新华社伊斯兰堡１１月２７日电巴基斯坦旁遮普省２７日下午连续 发生３起炸弹爆炸事件，造成至少１人死亡、２２人受伤。	爆炸	1	2
110	Conflict:Attack	74	巴警方目前尚未抓获任何嫌疑犯，也没有任何个人或组织宣布对爆 炸事件负责。	"爆
炸"	2	4
111	Conflict:Attack	74	最近两三个月来，巴基斯坦社会治安不断恶化，炸弹爆炸事件频频 发生，国民的生命财产安全受到严重威胁。	爆炸	4	5
112	Conflict:Attack	74	新华社北京１１月１４日电（记者李煦　牛爱民）遵照北京市高级 人民法院院长下达的执行死刑的命令，北京市第一中级人民法院今 天将杀害公安民警袁时光的凶手王国清验明正身，押赴刑场执行枪 决。	杀害	9	10
113	Conflict:Attack	74	不过台中县的大理市有一位女老师的确将学生打成了一青，目前学 校已经向老师提出警告，同时 老师也承认，她提出道歉。	打	0	1
114	Conflict:Attack	74	这名就读国中一年级的女性学生右手大姆指和掌心之间被老师用木 条打成一青，原因是因为这名 女同学连续好几天延迟交作业，老 师为了让她顶替才会打了五下，出发点却完全为了她好。	打	1	2
115	Conflict:Attack	74	这名就读国中一年级的女性学生右手大姆指和掌心之间被老师用木 条打成一青，原因是因为这名 女同学连续好几天延迟交作业，老 师为了让她顶替才会打了五下，出发点却完全为了她好。	打	7	8
116	Conflict:Attack	74	至于打学生，老师已经向学生家长道歉，家长也谅解是因为自己小 孩犯错在先，不过校方为显公 平，将对这位老师适度处分。	打	0	1
117	Conflict:Attack	74	新华社墨西哥城１２月３０日电（记者胡加齐）墨西哥恰帕斯州政 府３０日释放了首批１６名萨帕塔民族解放军武装组织成员，墨政 府在和平解决恰帕斯州武装冲突问题上又迈出了一步。	冲突	8	9
118	Movement:Transport	99	两位领导人强烈谴责以色列军队对巴勒斯坦人民的挑衅行为和血腥 镇压，要求以色列军队迅速从它上月２９日以来占领的巴勒斯坦地 区撤离。	撤离	4	5
119	Movement:Transport	99	新华社乌鲁木齐１０月８日电（记者孙彬）“奥运健儿祖国西部行 ”代表团今天中午飞抵新疆乌鲁木齐。	飞抵	7	8
120	Movement:Transport	99	此次到达新疆的“奥运健儿祖国西部行”新疆团成员一行１４人， 由国家体育总局副局长李富荣带队，成员有蔡振华、葛飞、顾俊、 杨霞、王楠、李小鹏、刘国梁、凌洁、杨威、黄楠燕、刘国正、白 扬和阿不都热合曼。	到达	0	1
121	Movement:Transport	99	“奥运健儿祖国西部行”代表团在结束乌鲁木齐的活动后，将于１ １日前往南疆喀什。	前往	6	7
122	Movement:Transport	99	彰化一名男子昨天晚上开着地的士轿车，结果是连人带车冲入路港 镇的一条大排水沟，救难人员 花了两个多小时搜寻才拉起了轿车 ，可惜男子已经溺毙了。	冲入	2	3
123	Movement:Transport	99	救难人员分别坐在橡皮筏上以及潜入水中，在漆黑的夜色中试图搜 寻沉入水中的轿车，经过了两 个多小时终于发现。	潜入	0	1
124	Movement:Transport	99	一名巴勒斯坦人在加沙地带靠近一个以色列军队哨所的地方发动自 杀性爆炸攻击，把自己炸死， 伊斯兰胜战者组织表示对这次自杀 性袭击事故负责，并警告说这不是最后的一次，这名巴勒斯坦 人 骑着自行车接近以色列哨所，在保护墙墙边引爆炸弹，一名以色列 军人受轻伤，以色列军方指 责巴勒斯坦当局纵容这次袭击，巴勒 斯坦一位安全官员驳斥这种指责，当天是伊斯兰圣战者组织 领导 人西卡奇遇刺5周年，人们普遍都指责那次行刺是以色列部队干的 ，既将担任黎巴嫩总理的哈 利里组成了有将近30名成员的内阁 ，其中穆斯林和基督教徒人数相当，哈利里和拉夫德总统以及 贝 里议长开会之后宣布了这个名单，新内阁几乎比原政府的内阁大了 1倍，只包括了4名原来的内 阁成员，一些黎巴嫩政界人士指责 叙利亚干预部长的选举，给这个过程蒙上了阴影。	接近	12	13
125	Movement:Transport	99	中国第17次赴南极考察的37名乘员6名人文学者于12月7号 上午起程，他们将途经巴黎、智利等地 ，预计在本月12号抵达 南极，请看记者在首都机场所作的报道。	途经	3	4
126	Movement:Transport	99	中国第17次赴南极考察的37名乘员6名人文学者于12月7号 上午起程，他们将途经巴黎、智利等地 ，预计在本月12号抵达 南极，请看记者在首都机场所作的报道。	起程	1	2
127	Movement:Transport	99	中国第17次赴南极考察的37名乘员6名人文学者于12月7号 上午起程，他们将途经巴黎、智利等地 ，预计在本月12号抵达 南极，请看记者在首都机场所作的报道。	赴	0	1
128	Movement:Transport	99	中国第17次赴南极考察的37名乘员6名人文学者于12月7号 上午起程，他们将途经巴黎、智利等地 ，预计在本月12号抵达 南极，请看记者在首都机场所作的报道。	抵达	7	8
129	Movement:Transport	99	“可能到南极我拍的和我想的可能更多的跟水有关，因为地球上水 资源正在枯竭，据说，80%到91% 的淡水在南极，所以我想 到那儿我去看南极的水。”	到	1	2
130	Movement:Transport	99	“可能到南极我拍的和我想的可能更多的跟水有关，因为地球上水 资源正在枯竭，据说，80%到91% 的淡水在南极，所以我想 到那儿我去看南极的水。”	到	15	16
131	Movement:Transport	99	新华社天津１２月３１日电（记者满学杰）在２０世纪的最后一天 ，百岁老人郑保举来到了他魂牵梦绕的故乡－－大沽口。	来到	6	7
132	Movement:Transport	99	１９９１年海湾战争结束后，根据联合国安理会６８９号决议，联 合国向在科、伊边境划定的非军事区派出了联合国军事观察团，其 任务是监督该地区领空的一切军事活动，确保科、伊边境的安全与 稳定。	派出	7	8
133	Movement:Transport	99	一从非典疫区返宁的普通市民要求隔离检查竟然无望	返	0	1
134	Movement:Transport	99	新华社哈瓦那１２月１４日电（记者郑建东）阿根廷前著名球星马 拉多纳日前重返古巴，除了几乎与他形影不离的经纪人科波拉以外 ，还有一尊他１１日获得的国际足联颁发的“本世纪最佳足球运动 员”的奖杯。	重返	5	6
135	Movement:Transport	99	妹妹家刚刚搞了装潢，邀请弟兄姐妹携儿带女前去参观，随便也算 是年前聚一聚，热闹一把，时间定在上周日中午。	前去	2	3
136	Movement:Transport	99	新华社莫斯科１１月１日电（记者秦德岐）莫斯科时间１日７时零 ４分，俄罗斯货运飞船“进步Ｍ１－３”号脱离国际空间站，以便 腾出对接口，供３１日升空的载有国际空间站首批“居民”的飞船 对接使用。	脱离	13	14
137	Movement:Transport	99	新华社哈尔滨１０月８日电（何文泽、梁维德）铁路警察杜海平在 下班回家途中，面对正在持刀逃跑的歹徒，他挺身而出，持手空拳 与歹徒进行殊死搏斗，英勇牺牲，为及时擒获歹徒赢得了战机，谱 写了一曲英雄主义凯歌。	回	7	8
138	Movement:Transport	99	前几天在加拿大发生车祸的台湾旅行团所有的死伤团员的家属都已 经抵达到了温哥华，同时第一 批伤势比较轻的团员也已经搭机在 返国的途中。	抵达	1	2
139	Movement:Transport	99	前几天在加拿大发生车祸的台湾旅行团所有的死伤团员的家属都已 经抵达到了温哥华，同时第一 批伤势比较轻的团员也已经搭机在 返国的途中。	返	5	6
140	Movement:Transport	99	另外第二批团员的家属今天也抵达了温哥华，孙女被安置在市立医 院的张湘婷也是其中的一位。	抵达	0	1
141	Movement:Transport	99	国外众多飞机制造商也不远万里来到珠海，向中国航空界推介他们 生产的支线客机：波音公司推出了新一代波音７３７－７００中短 程商务喷气飞机，空中客车、庞巴迪以及俄罗斯、乌克兰等国的航 空制造企业也纷纷展示他们最新研制的支线飞机，借珠海国际航展 这个“窗口”挺进中国支线飞机市场。	来到	0	1
142	Movement:Transport	99	新华社新加坡１１月２３日电应新加坡总理吴作栋的邀请，中国国 务院总理朱（金字旁容）基２３日下午乘专机抵达新加坡，出席将 在这里举行的第四次东盟与中日韩领导人会晤和东盟与中国领导人 会晤。	抵达	7	8
143	Movement:Transport	99	新华社北京１１月７日电中央军委委员、中国人民解放军总政治部 主任于永波一行结束了对美国的正式访问，今天返回北京。	访问	3	4
144	Movement:Transport	99	新华社北京１１月７日电中央军委委员、中国人民解放军总政治部 主任于永波一行结束了对美国的正式访问，今天返回北京。	返回	5	6
145	Movement:Transport	99	随同于永波访问的广州军区政委刘书田、兰州军区副司令员兼兰州 军区空军司令员马晓天、南京军区政治部主任刘永治、总政治部秘 书长程宝山、国防部外事办公室副主任张邦栋等同机抵京。	访问	0	1
146	Movement:Transport	99	随同于永波访问的广州军区政委刘书田、兰州军区副司令员兼兰州 军区空军司令员马晓天、南京军区政治部主任刘永治、总政治部秘 书长程宝山、国防部外事办公室副主任张邦栋等同机抵京。	抵	10	11
147	Movement:Transport	99	到机场迎接的有总政治部副主任唐天标，国防部外事办公室副主任 李东辉和总政治部副秘书长张铁健等。	到	0	1
148	Movement:Transport	99	刮刮乐诈财集团逃避查缉又有新的手法，台中县松原地区的邮筒最 近一个礼拜就被投递了有4万多 封刮刮乐的诈财信函，警方人员 初步研判可能是集团分子担心到邮局交递大批的邮件可能会被录  下容貌，因此特意投入郊区的邮筒来躲避警方的查缉。	到	7	8
149	Movement:Transport	99	据了解，此案的被告人为今年２９岁的安徽省来京从事服装生意的 王祚聪，被害人则是被王祚聪认为与其夫胡孝胜有暧昧关系的２４ 岁的女同乡束志梅。	来	2	3
150	Movement:Transport	99	新华社安曼１２月２６日电（记者鲁绍明 王丙飞）约旦驻塞拉利 昂的最后一批维和部队官兵２５日夜乘飞机返回约旦首都安曼。	返回	6	7
151	Movement:Transport	99	约旦今年向塞拉利昂派出了１８５０名官兵的维和部队。	派出	0	1
152	Movement:Transport	99	新华社北京１０月３日电（记者任忆）今天，上百名环保志愿者来 到北京中山公园，在这里举办“我给你一个家”动物救助活动，以 此纪念即将到来的“世界动物日”。	"来
到"	6	8
153	Movement:Transport	99	新华社北京１０月１２日电（记者谭国器）全国人大常委会委员长 李鹏今天在人民大会堂会见了由国际狮子会会长让·贝亚尔率领的 国际狮子会代表团及来京参加“世界视觉日”活动的９个国家和地 区的眼科专家。	来	8	9
154	Movement:Transport	99	国际狮子会代表团是应中国残疾人联合会和卫生部的邀请于１０月 ９日抵京，出席在北京举办的国际狮子会２０００年“世界视觉日 ”活动的。	抵	1	2
155	Movement:Transport	99	高雄县龙发塘一名精神病犯昨天深夜突然的自杀，龙发塘指出，这 名死者是去年4月因为自焚由家 人送到龙发塘接受治疗，没想到 确突然的自杀，家属也很无奈。	送到	6	7
156	Movement:Transport	99	第二天上班，老板让我去长途车站托运主板，比头一天轻多了，我 冒着酷暑干完了。	去	2	3
157	Movement:Transport	99	第三天上班，老板还是让我去车站托运散件，和第二天差不多，我 冒着酷暑又干完了。	去	2	3
158	Movement:Transport	99	新华社河内１２月２５日电（记者张加祥　侯鹤祥）越南国家主席 陈德良今天上午乘专机前往中国进行正式友好访问时在河内机场对 本社记者说，他应江泽民主席邀请进行的这次访问将是越中友好合 作关系发展进程中又一个重要里程碑。	访问	6	7
159	Movement:Transport	99	新华社河内１２月２５日电（记者张加祥　侯鹤祥）越南国家主席 陈德良今天上午乘专机前往中国进行正式友好访问时在河内机场对 本社记者说，他应江泽民主席邀请进行的这次访问将是越中友好合 作关系发展进程中又一个重要里程碑。	访问	9	10
160	Movement:Transport	99	新华社河内１２月２５日电（记者张加祥　侯鹤祥）越南国家主席 陈德良今天上午乘专机前往中国进行正式友好访问时在河内机场对 本社记者说，他应江泽民主席邀请进行的这次访问将是越中友好合 作关系发展进程中又一个重要里程碑。	前往	6	7
161	Movement:Transport	99	陈德良说，他十分高兴江泽民主席在人类即将跨入新世纪、新千年 这个美好的时刻邀请他访华，并相信通过双方的努力，一定能够把 一个更加美好的越中友好合作关系带入２１世纪。	访	5	6
162	Movement:Transport	99	这个月13号苏建何获准到医院探视病危的父亲，时隔半个月苏爸 爸因为肺癌在下午病逝，亲友们 获悉消息之后聚在一起追思这位 奔走10年却再也没有机会看到自己儿子平反的苏爸爸。	到	0	1
163	Movement:Transport	99	在以巴流血冲突持续近两个月后，１００多名以色列和平倡导者２ ５日来到东耶路撒冷的巴勒斯坦办事处“东方大厦”，参加一场巴 勒斯坦和以色列人面对面的沟通会，为中东和平搭起一座心桥。	来到	3	4
164	Movement:Transport	99	会议结束时通过了四点声明，即要求以色列政府从在１９６７年战 争中占领的包括东耶路撒冷在内的土地上撤出；撤除定居点；以联 合国决议为基础解决巴难民问题；建立以东耶路撒冷为首都的巴勒 斯坦国，实现以巴持久和平。	撤出	3	4
165	Movement:Transport	99	古巴足球协会主席路易斯·埃尔南德斯希望古巴的球队，而不是个 别队员，能够到法国进行比赛、观摩学习。	到	7	8
166	Movement:Transport	99	印度铁道部门官员介绍，货运列车是从卢遮亚拉开往安巴拉方向， 而客运列车是从安巴拉方向开来，客运列车接近车站时货运列车刚 刚脱轨，于是发生了这场灾难。	开往	2	3
167	Movement:Transport	99	印度铁道部门官员介绍，货运列车是从卢遮亚拉开往安巴拉方向， 而客运列车是从安巴拉方向开来，客运列车接近车站时货运列车刚 刚脱轨，于是发生了这场灾难。	开来	4	5
168	Movement:Transport	99	经查证，这些武器不是１９９７年阿动乱期间失散的，而是科索沃 危机期间从西方国家偷运来专供原科索沃阿尔巴尼亚族非法武装“ 科索沃解放军”使用的。	偷运	5	6
169	Movement:Transport	99	１１月１５日晚８时左右，一辆由边城腾冲发往广东东莞的大货车 缓缓驶进曼海边防检查站接受检查，执勤战士张江涛、刘海龙发现 货厢内装满了梅子和木瓜干。	驶进	3	4
170	Movement:Transport	99	新华社加沙１０月１６日电（记者马晓霖）以色列军队１６日晚在 驱逐了巴勒斯坦工作人员之后，单独控制了连接加沙地带和埃及的 拉法海关，。	驱逐	5	6
171	Movement:Transport	99	巴勒斯坦加沙地带公安局长阿卜杜·拉扎克·穆贾伊德在向新闻界 散发的一份声明中指出，驻守拉法海关的以军当晚驱逐了在那里执 行公务的巴勒斯坦海关人员，单方面完全占领了拉法海关，并将那 里宣布为封闭的军事区。	驱逐	7	8
172	Movement:Transport	99	走进这间不起眼的老房子，就是从日军时代开始已经三代单传的正 岛番刀师傅，师傅姓陈，但附 近居民都叫他华纳哲士，来买刀的 原著民按闽南语发音把华纳叫成了番刀王，不管是华纳还是番 师 傅打出来的番刀的确有一套。	走进	0	1
173	Movement:Transport	99	美国总统克林顿表示：他还没有决定是否访问北韩，克林顿是星期 五在白宫向记者说这番话的， 前一天美国国务卿奥尔布赖特刚刚 从平壤返回，奥尔布赖特此行是同北韩方面磋商克林顿可能进 行 的访问，克林顿表示尽管北韩领导人金正日保证他的国家将停止发 展导弹计划，但他仍然对这 个问题十分关切，星期一，金正日向 奥尔布赖特作了以上保证，两国的导弹专家下星期将在一个 尚未 透露的地点，继续就这个问题进行讨论。	访问	2	3
174	Movement:Transport	99	美国总统克林顿表示：他还没有决定是否访问北韩，克林顿是星期 五在白宫向记者说这番话的， 前一天美国国务卿奥尔布赖特刚刚 从平壤返回，奥尔布赖特此行是同北韩方面磋商克林顿可能进 行 的访问，克林顿表示尽管北韩领导人金正日保证他的国家将停止发 展导弹计划，但他仍然对这 个问题十分关切，星期一，金正日向 奥尔布赖特作了以上保证，两国的导弹专家下星期将在一个 尚未 透露的地点，继续就这个问题进行讨论。	返回	8	9
175	Movement:Transport	99	而吴薇婉在面临突来的状况受到了惊吓一度昏倒，所幸经过支持者 的协助并无大碍，早上11点左 右吴薇婉不满警方凌晨拆除行动 ，便带领30位支持群众到议会前抗议。	到	8	9
176	Movement:Transport	99	近来，利比里亚和几内亚两国一直互相指责对方支持各自的反对派 越境袭击边界附近的村镇，双方武装部队的交火事件也时有发生， 致使两国关系更加紧张。	越境	3	4
177	Movement:Transport	99	泰勒是３日抵达尼日利亚的。	抵达	0	1
178	Movement:Transport	99	访问丹麦期间，中国基督教代表团还举行记者招待会，介绍了中国 目前所实行的宗教政策和中国基督教现状。	访问	0	1
179	Movement:Transport	99	此前，代表团访问了瑞典，与该国基督教界人士进行了广泛接触， 并就加强相互合作达成了不少共识。	访问	2	3
180	Movement:Transport	99	朝鲜劳动党中央机关报《劳动新闻》当日发表的社论说，作为近年 来首位访朝的非洲国家首脑，努乔马的访问显示了朝鲜和纳米比亚 人民之间的深厚情谊，是对正克服困难、积极进行强盛国家建设的 朝鲜人民的支持和鼓舞，朝鲜和纳米比亚之间的友好关系进入了一 个新阶段。	访	7	8
181	Movement:Transport	99	努乔马将于３０日上午结束对朝鲜的访问。	访问	0	1
182	Movement:Transport	99	１９６５年至１９９２年间，努乔马曾先后８次访问朝鲜。	访问	2	3
183	Movement:Transport	99	又到了药酒热卖的时候，很多的民众习惯到便利商店购买药酒补身 ，不过高雄县卫生局正准备全 面取缔，因为药酒到现在被列为药 品，无照贩卖的将会处以重罚。	到	2	3
184	Movement:Transport	99	民众习惯到便利商店消费，高雄县市卫生局却决定即保险套之后， 全面取缔超商贩卖药酒，这是 因为保险套、避孕片被列为医疗用 品，必须具备执照才可以贩卖，而药酒也是相同的状况。	到	0	1
185	Movement:Transport	99	金龙局渔船星河发36号船上的大陆渔工前天挟持了船长和轮机长 ，企图把船开到大陆，海事处紧 急的派出了船舰在海峡中间附近 拦截到这艘渔船，并且将8名的大陆渔工带回来统统回押。	开到	2	3
186	Movement:Transport	99	凌晨3点多这艘渔船在恶劣的海面中总算历劫归来，船长、轮机长 经过长达10几个小时的囚禁与殴 打身心受创，船长说大陆渔工 想回家乡可是没想到他们竟然会用暴力劫船。	回	9	10
187	Movement:Transport	99	他说他们到哪去？	到	0	1
188	Movement:Transport	99	“到平潭去。”	到	1	2
189	Movement:Transport	99	新华社香港１１月３０日电　台北消息：最近一份对台湾新竹科学 园的调查显示，园内的科研生产单位中，有９成的科技人才表示： 不排除“外移”去祖国大陆。	外移	12	13
190	Movement:Transport	99	新华社墨西哥城１０月６日电（记者胡加齐）墨西哥航空公司一架 客机６日在墨西哥北部边境城市雷诺萨机场降落时滑出跑道，至少 造成５人死亡，６人受伤。	滑出	5	6
191	Movement:Transport	99	在澳大利亚进入旅游旺季的时候，来往于中国和澳大利亚之间的乘 客又多了一个选择，从7号起中 国南方航空公司开通了广州至悉 尼的新航线。	来往	2	3
192	Movement:Transport	99	中国南方航空公司开通了广州—墨尔本—悉尼新航线的新班航，12月 7号上午抵达西尼国际机场。	抵达	7	8
193	Movement:Transport	99	约旦１９９４年与以色列建交，其前任驻以色列大使里法伊任满４ 年后于今年９月回国。	回	3	4
194	Movement:Transport	99	（今日新闻）交叉结伙作案１４起　运送偷渡分子５３８名	运送	4	5
195	Movement:Transport	99	“他有酗酒，然后我们送到一分局以后，一分局觉得他可能有食用 某种药物。”	送到	3	4
196	Movement:Transport	99	而被砍伤的职员刘通雄送医后，转送开刀房所幸没有伤及要害。	转送	2	3
197	Movement:Transport	99	新华社柏林１１月２５日电（记者刘钢）正在德国进行工作访问的 俄罗斯外长伊万诺夫２５日在这里表示，俄罗斯愿意与欧盟在安全 领域进行广泛对话并开展积极合作。	访问	4	5
198	Movement:Transport	99	新华社深圳１１月１４日电（记者杨健、李南玲、张宿堂）国家主 席江泽民今天晚上乘专机离开深圳前往文莱，出席在斯里巴加湾市 举行的亚太经合组织第８次领导人非正式会议并对文莱进行国事访 问。	离开	9	10
199	Movement:Transport	99	新华社深圳１１月１４日电（记者杨健、李南玲、张宿堂）国家主 席江泽民今天晚上乘专机离开深圳前往文莱，出席在斯里巴加湾市 举行的亚太经合组织第８次领导人非正式会议并对文莱进行国事访 问。	前往	9	10
200	Movement:Transport	99	陪同江泽民出访并同机离开深圳的有：江泽民主席夫人王冶坪，国 务院副总理钱其琛和夫人周寒琼，中共中央书记处书记曾庆红，国 家发展计划委员会主任曾培炎，中央政策研究室主任滕文生，中央 办公厅副主任、中央警卫局局长由喜贵，江泽民主席办公室主任贾 廷安，外交部部长助理王毅等。	离开	0	1
201	Movement:Transport	99	前往机场迎送江主席有：中共中央政治局委员、广东省委书记李长 春，中央办公厅主任王刚，广州军区司令员陶伯钧、政委刘书田， 广东省领导同志卢瑞华、张高丽、黄丽满、于幼军、蔡东士等。	前往	0	1
202	Movement:Transport	99	至于到底胡瓜有没有到澳门去豪赌，王先生说豪赌绝对没有，不过 胡瓜可能和东方魅力的股东一 起到澳门去玩过。	到	0	1
203	Movement:Transport	99	至于到底胡瓜有没有到澳门去豪赌，王先生说豪赌绝对没有，不过 胡瓜可能和东方魅力的股东一 起到澳门去玩过。	到	6	7
204	Movement:Transport	99	我算是土生土长的南京人，虽然父辈只是随部队南下才到南京，但 我可是在南京出生，在南京长大的，除了在上海当兵的十年。	到	2	3
205	Movement:Transport	99	我算是土生土长的南京人，虽然父辈只是随部队南下才到南京，但 我可是在南京出生，在南京长大的，除了在上海当兵的十年。	到	2	3
206	Movement:Transport	99	在简短的欢迎仪式后，奥运健儿被接到风景宜人的胜利公园下榻。	接到	2	3
207	Movement:Transport	99	据了解，奥运健儿西部行青海团在高原的４天时间里，将赴电厂、 学校等单位做报告，进行表演。	赴	4	5
208	Movement:Transport	99	新华社莫斯科１１月３０日电（记者秦德岐）莫斯科时间３０日２ ２时５９分，俄罗斯一枚“质子－Ｋ”型运载火箭从拜科努尔航天 发射场点火升空，将美国商业通信卫星“ＳＤ－ＲＡＤＩＯ－３” 号顺利送入轨道。	升空	14	15
209	Movement:Transport	99	１２月２２日中午，河外边防工作站一执勤点战士在对一辆挂外籍 牌照从境外方向驶入的吉普车进行边防检查时，发现驾驶员神色十 分慌张。	驶入	3	4
210	Movement:Transport	99	曾经陪伴了棒球迷们走过42个年头的台北棒球场正式的走入了历 史，许多球员和球迷都赶来送行 ，而球迷们也走进球场当中带回 了一把把的红土作为曾经在这里看球的永恒回忆。	走进	5	6
211	Movement:Transport	99	刚果（布）文化部总司长雅克·琼哈特说：“我们刚果（布）和几 内亚的国家歌舞团都为能来这里参加中国艺术节而感到由衷的高兴 。”	来	14	15
212	Movement:Transport	99	虽然中国大陆目前正在严厉禁止“法轮功”，不过在台湾”法轮功 ”的信徒估计已经有好几万人 ，源引亚太地区2000年的”法 轮功”大法会周四在台北进行，而上午这场法会甚至还包括从大陆  来的“法轮功”信徒，他们感慨同样是中国人社会但对于信徒的 待遇却是有如此大的差距。	来	19	20
213	Movement:Transport	99	新华社北京１０月１日电（记者李煦）北京天主教界１２０多人， 今晨在中国天主教爱国会主席、北京教区主教傅铁山带领下来到天 安门广场，观看了隆重的升旗仪式。	来到	8	9
214	Movement:Transport	99	本月初，萨帕塔武装组织提出一系列与政府恢复和平谈判的条件， 其中包括通过并履行有关保护土著人权利和文化的条约和法律，释 放被关押的萨帕塔组织成员，以及政府从恰帕斯州撤军等。	撤	9	10
215	Movement:Transport	99	早上9点半驾驭这辆富豪轿车的车主张振清正准备倒车离开，不料 这个简单的动作却突然间完全失 控，轿车不听使唤的冲向后方， 撞坏了一辆箱行车，凶猛的力道还把一家电脑店的大门玻璃全都  撞碎了。	离开	0	1
216	Movement:Transport	99	参加这一庆祝活动的近百辆汽车于中午１２时集合后，参与者在台 湾省籍抗日老前辈伍金地、许月里、潘陈火、严秀峰、李南峰等人 率领下，前往台北市孙中山纪念堂抗战胜利碑前集会，悼祭抗日先 烈。	前往	14	15
217	Life:Die	34	彰化一名男子昨天晚上开着地的士轿车，结果是连人带车冲入路港 镇的一条大排水沟，救难人员 花了两个多小时搜寻才拉起了轿车 ，可惜男子已经溺毙了。	溺毙	8	9
218	Life:Die	34	一名巴勒斯坦人在加沙地带靠近一个以色列军队哨所的地方发动自 杀性爆炸攻击，把自己炸死， 伊斯兰胜战者组织表示对这次自杀 性袭击事故负责，并警告说这不是最后的一次，这名巴勒斯坦 人 骑着自行车接近以色列哨所，在保护墙墙边引爆炸弹，一名以色列 军人受轻伤，以色列军方指 责巴勒斯坦当局纵容这次袭击，巴勒 斯坦一位安全官员驳斥这种指责，当天是伊斯兰圣战者组织 领导 人西卡奇遇刺5周年，人们普遍都指责那次行刺是以色列部队干的 ，既将担任黎巴嫩总理的哈 利里组成了有将近30名成员的内阁 ，其中穆斯林和基督教徒人数相当，哈利里和拉夫德总统以及 贝 里议长开会之后宣布了这个名单，新内阁几乎比原政府的内阁大了 1倍，只包括了4名原来的内 阁成员，一些黎巴嫩政界人士指责 叙利亚干预部长的选举，给这个过程蒙上了阴影。	死	3	4
219	Life:Die	34	新华社哈尔滨１０月８日电（何文泽、梁维德）铁路警察杜海平在 下班回家途中，面对正在持刀逃跑的歹徒，他挺身而出，持手空拳 与歹徒进行殊死搏斗，英勇牺牲，为及时擒获歹徒赢得了战机，谱 写了一曲英雄主义凯歌。	牺牲	16	17
220	Life:Die	34	前几天在加拿大发生车祸的台湾旅行团所有的死伤团员的家属都已 经抵达到了温哥华，同时第一 批伤势比较轻的团员也已经搭机在 返国的途中。	死	0	1
221	Life:Die	34	新华社金边１１月２４日电（记者晏明　李超碧）柬埔寨首都金边 市政府２４日上午发表声明说，柬政府武装力量已经逮捕了参与２ ４日凌晨在金边市武装袭击军警的恐怖分子２１人，击毙７人。	毙	11	12
222	Life:Die	34	信中说，以色列１２日对加沙和约旦河西岸进行的袭击等于是对巴 勒斯坦人民“全面宣战”，这些军事行动在巴勒斯坦被占领土上造 成了大量人员伤亡和财产损失，违反了包括联合国决议在内的国际 准则，给地区冲突带来了新的不祥之兆。	亡	9	10
223	Life:Die	34	高雄县龙发塘一名精神病犯昨天深夜突然的自杀，龙发塘指出，这 名死者是去年4月因为自焚由家 人送到龙发塘接受治疗，没想到 确突然的自杀，家属也很无奈。	自杀	0	1
224	Life:Die	34	高雄县龙发塘一名精神病犯昨天深夜突然的自杀，龙发塘指出，这 名死者是去年4月因为自焚由家 人送到龙发塘接受治疗，没想到 确突然的自杀，家属也很无奈。	自杀	9	10
225	Life:Die	34	公报要求以色列必须立即停止枪杀巴勒斯坦平民，解除对巴勒斯坦 城市和道路的封锁，并撤走巴勒斯坦居民区和难民营附近的坦克、 装甲车等重武器。	枪杀	0	1
226	Life:Die	34	公报重申巴领导机构有责任保卫巴勒斯坦人的生命安全，警告以色 列不得继续扩大冲突并故意射杀手无寸铁的巴勒斯坦平民。	射杀	3	4
227	Life:Die	34	据巴方统计，在过去４天的冲突中，已有３１名巴勒斯坦人被以军 打死，１３００多人受伤。	死	5	6
228	Life:Die	34	新华社重庆１０月２日电（记者代群）经重庆市人民检察院第一分 院批准，重庆市公安局日前对在重庆抓获的涉嫌渝湘鄂系列持枪杀 人抢劫案的张君及其同伙共６人宣布逮捕。	杀	7	8
229	Life:Die	34	为苏建何案奔走将近10年的苏建何的父亲苏春常今天下午因为肺 癌病逝台大医院，苏建何的家人 还有朋友为他举行了简单的追思 会，同时也希望在监狱当中的苏建何要继续坚持下去，完成父亲  的遗愿。	病逝	1	2
230	Life:Die	34	这个月13号苏建何获准到医院探视病危的父亲，时隔半个月苏爸 爸因为肺癌在下午病逝，亲友们 获悉消息之后聚在一起追思这位 奔走10年却再也没有机会看到自己儿子平反的苏爸爸。	病逝	3	4
231	Life:Die	34	新华社新德里１２月２日电（记者熊昌义）一列满载乘客的客运列 车今天上午６时左右在印度北部旁遮普邦萨赖－班加拉车站附近与 一列刚刚脱轨的货运列车相撞，至少有２５名乘客死亡，１００多 名乘客受伤。	死亡	10	11
232	Life:Die	34	据他们说，由于客运列车有５节车厢脱轨，还有一些乘客生死难料 ，估计死亡人数还会上升。	死	4	5
233	Life:Die	34	据他们说，由于客运列车有５节车厢脱轨，还有一些乘客生死难料 ，估计死亡人数还会上升。	死亡	6	7
234	Life:Die	34	新华社华盛顿１０月１７日电美国密苏里州州长卡纳汉１６日晚在 一次飞机坠毁事故中遇难。	遇难	1	2
235	Life:Die	34	他说，以军还无端向拉法海关出口处的巴边防哨卡开枪，打死一名 巴边防警察。	死	4	5
236	Life:Die	34	一名台北市民在10天前以自杀的方式来抗议建管处拆除原本不应 该拆除的旧违建，而今天他的家 属强烈控诉台北市政府见死不救 ，眼睁睁看着他服食农药，又没有通知医护单位进行急救，根本  就是草菅人命。	人命	11	12
237	Life:Die	34	再后来，铁路出大事故，撞死了好多日本人，丁部长的位置干不成 了，被迫辞职，因有桥牌基础，被降为政治局委员，中宣部部长（ 越降越大），现在还在任。	撞死	4	5
238	Life:Die	34	新华社巴西利亚１１月２５日电 （记者杨立民）巴西一艘载有６ ８名旅客和５名船员的客船２５日凌晨在巴西亚马孙地区的索利蒙 伊斯河上沉没，造成７人死亡，１０人失踪。	死亡	8	9
239	Life:Die	34	新华社墨西哥城１０月６日电（记者胡加齐）墨西哥航空公司一架 客机６日在墨西哥北部边境城市雷诺萨机场降落时滑出跑道，至少 造成５人死亡，６人受伤。	死亡	8	9
240	Life:Die	34	另据墨西哥军方说，６日，墨西哥空军的一架飞机因出现机械故障 起飞后不久便在墨西哥中部地区坠毁，造成２人死亡，１人受伤。	死亡	7	8
241	Life:Die	34	新华社马尼拉１２月３０日电菲律宾首都马尼拉地区３０日发生多 起炸弹爆炸事件，造成至少１３人死亡，７０多人受伤。	死亡	3	4
242	Life:Die	34	2003年12月26日，伊朗巴姆古城发生的强烈地震导致了2万 人死亡，震惊世界。	死亡	3	4
243	Life:Die	34	2003年12月26日，伊朗巴姆古城发生的强烈地震导致了2万 人死亡，震惊世界。	死亡	3	4
244	Life:Die	34	造成大量人员伤亡	亡	0	1
245	Life:Die	34	截止北京时间27日零时，这次罕见的强烈地震及其引起的海啸已 经在印度、斯里兰卡、孟加拉国、印度尼西亚、泰国、马来西亚、 缅甸和马尔代夫等国造成数千人死亡，受伤和失踪者人数更是惊人 。	死亡	15	16
246	Life:Die	34	新华社耶路撒冷１０月８日电（记者戚德良）以色列北部的拿萨勒 市８日晚发生流血冲突，当地一名以色列籍阿拉伯人在冲突中丧生 ，数十人受伤。	丧生	7	8
247	Life:Die	34	新华社东京１０月２日电日本九州南部鹿儿岛地区萨南群岛的恶石 岛当地时间２日下午４时４４分发生里氏５．６级地震，目前尚无 人员伤亡的报告。	亡	6	7
248	Life:Die	34	新华社加沙１１月２２日电（记者马晓霖）５名巴勒斯坦人２２日 上午在加沙南部的米拉格定居点附近被以军打死，另有８人受伤。	死	5	6
249	Life:Die	34	截至当天上午，在近两个月的以巴流血冲突中被打死的巴勒斯坦人 已经超过２６０人。	死	2	3
250	Life:Die	34	新华社伊斯兰堡１１月２７日电巴基斯坦旁遮普省２７日下午连续 发生３起炸弹爆炸事件，造成至少１人死亡、２２人受伤。	死亡	3	4
251	Justice:Sentence	20	新华社新德里１０月１２日电（记者熊昌义）印度前总理拉奥１２ 日被新德里一家特别法庭判处３年监禁，并被罚款２０万卢比（４ ６卢比合１美元）。	判处	5	6
252	Justice:Sentence	20	另外，前拉奥政府的内阁部长布塔·辛格也在此案中被判处３年监 禁，并被罚款２０万卢比。	判处	4	5
253	Justice:Sentence	20	新华社南京１０月１７日电（汤征　张明军）组织他人非法出境的 韩国“蛇头”张济洪昨天被镇江市中级人民法院判处驱逐出境，并 处以１０万元人民币罚金。	判处	10	11
254	Justice:Sentence	20	与张济洪共同策划组织偷渡活动的中国“蛇头”郑德龙被判处有期 徒刑７年，剥夺政治权利１年，并处罚金５万元；女“蛇头”申明 哲被判处有期徒刑１年，并处罚金５万元。	判处	4	5
255	Justice:Sentence	20	与张济洪共同策划组织偷渡活动的中国“蛇头”郑德龙被判处有期 徒刑７年，剥夺政治权利１年，并处罚金５万元；女“蛇头”申明 哲被判处有期徒刑１年，并处罚金５万元。	判处	16	17
256	Justice:Sentence	20	在今天的“现身说法”警示教育会上，原陕西省人民银行营业部柜 台负责人淡东晖等７名因贪污、受贿、挪用公款等罪被判刑的服刑 人员，分别现场讲述了各自由一名党员、干部、企业管理人员、军 人、人民警察变成罪人，走上犯罪道路的沉痛教训。	判刑	11	12
257	Justice:Sentence	20	新华社南宁１１月３日电（记者程义峰　刘水玉）原广西壮族自治 区财政厅厅长佘国信受贿一案今日作出一审判决，南宁市中级人民 法院依法判处被告人佘国信无期徒刑，剥夺政治权利终身，并处没 收其个人全部所有财产。	判决	6	7
258	Justice:Sentence	20	新华社南宁１１月３日电（记者程义峰　刘水玉）原广西壮族自治 区财政厅厅长佘国信受贿一案今日作出一审判决，南宁市中级人民 法院依法判处被告人佘国信无期徒刑，剥夺政治权利终身，并处没 收其个人全部所有财产。	判处	9	10
259	Justice:Sentence	20	据悉，法院将择日对此案进行宣判。	宣判	2	3
260	Justice:Sentence	20	新华社成都１２月２１日电（记者任硌）在四川引起强烈反响的资 阳市“９·４”带黑社会性质的特大持枪杀人案日前经资阳地区中 级人民法院一审审理终结，余茂学、黄胜、廖忠福、李月刚等４名 被告被依法判处死刑，替余茂学通风报信的莫维刚被判处有期徒刑 两年。	判处	23	24
261	Justice:Sentence	20	新华社吉隆坡１２月７日电（记者吴定保）马来西亚吉隆坡高等法 院７日宣布，判处６名“奥马乌纳”邪教组织成员每人１０年徒刑 。	判处	7	8
262	Justice:Sentence	20	安徽省合肥市中级人民法院昨天对原阜阳市市长肖作新受贿、巨额 财产来源不明，周纪美受贿、 贪污、非法倒卖土地使用权、巨额 财产来源不明一案，作出一审判决：肖作新、周纪美夫妇分别 被 判处无期徒刑和死刑，缓期二年执行，并处没收个人全部财产。	判处	20	21
263	Justice:Sentence	20	新华社华沙１２月８日电（记者王京臣）波兰普沃茨克市地方法院 ８日对一个名叫“撒旦”的邪教组织的３名成员进行了刑事判决。	判决	9	10
264	Justice:Sentence	20	大“蛇头”翁金顺被判无期徒刑	判	4	5
265	Justice:Sentence	20	大“蛇头”翁金顺被判无期徒刑	判	4	5
266	Justice:Sentence	20	新华社南京１１月２４日电（邹煊　张凯）曾先后１４次组织偷渡 活动的“蛇头”翁金顺今天被江苏省连云港市中级人民法院一审判 处无期徒刑，另外２名“蛇头”崔顺军、林正清分别被判处有期徒 刑１２年，“蛇头”王月东被判处有期徒刑８年。	"判
处"	10	12
267	Justice:Sentence	20	新华社南京１１月２４日电（邹煊　张凯）曾先后１４次组织偷渡 活动的“蛇头”翁金顺今天被江苏省连云港市中级人民法院一审判 处无期徒刑，另外２名“蛇头”崔顺军、林正清分别被判处有期徒 刑１２年，“蛇头”王月东被判处有期徒刑８年。	判处	19	20
268	Justice:Sentence	20	新华社南京１１月２４日电（邹煊　张凯）曾先后１４次组织偷渡 活动的“蛇头”翁金顺今天被江苏省连云港市中级人民法院一审判 处无期徒刑，另外２名“蛇头”崔顺军、林正清分别被判处有期徒 刑１２年，“蛇头”王月东被判处有期徒刑８年。	判处	25	26
269	Justice:Sentence	20	连云港市中级人民法院今天还一审分别判处“蛇头”陈守汉、史春 平有期徒刑４年，分别判处“蛇头”王月兵、万培成有期徒刑２年 、１年。	判处	0	1
270	Justice:Sentence	20	连云港市中级人民法院今天还一审分别判处“蛇头”陈守汉、史春 平有期徒刑４年，分别判处“蛇头”王月兵、万培成有期徒刑２年 、１年。	判处	9	10
271	Justice:Charge-Indict	2	拉奥是因涉嫌在１９９３年７月的一次不信任投票中犯有贿赂议员 罪而被送上法庭的。	送上	1	2
272	Justice:Charge-Indict	2	印尼总检察院是在８月上旬以苏哈托在执政期间利用他创立和经营 的７个基金会侵吞国家５．８亿美元向法院提出起诉的。	起诉	3	4
273	Justice:Appeal	5	法庭同时允许拉奥和辛格每人支付２０万卢比的保释金，将开始服 刑的时间推迟至１１月８日，以便于他们向德里高等法院上诉。	上诉	5	6
274	Justice:Appeal	5	新华社圣地亚哥１２月２日电（记者侯耀其）智利前军政府领导人 皮诺切特的辩护律师团２日在这里向圣地亚哥上诉法院正式提起上 诉，要求推翻古斯曼法官１日签发的关于审判皮诺切特的决定。	"上
诉"	5	6
275	Justice:Appeal	5	辩护律师团在上诉书中指出，他们认为，古斯曼法官签发审判皮诺 切特的决定是违犯规则的，应该予以纠正。	上诉	0	1
276	Justice:Appeal	5	新华社圣地亚哥１２月１１日电（记者侯耀其）智利圣地亚哥上诉 法院第五庭１１日下午做出初审裁决，宣布接受前军政府领导人皮 诺切特辩护律师团提出的上诉，推翻古斯曼法官本月１日签发的关 于审判皮诺切特的决定。	上诉	8	9
277	Justice:Appeal	5	新华社华盛顿１１月２４日电（记者刘江　胡晓明）美国联邦最高 法院２４日下午宣布，该院已决定受理共和党总统候选人布什对佛 罗里达州最高法院关于人工重新计票结果有效的判决提出的上诉， 并将于１２月１日就这一问题举行听证会。	上诉	9	10
278	Transaction:Transfer-Money	24	法庭同时允许拉奥和辛格每人支付２０万卢比的保释金，将开始服 刑的时间推迟至１１月８日，以便于他们向德里高等法院上诉。	支付	0	1
279	Transaction:Transfer-Money	24	新华社南京１０月１７日电（汤征　张明军）组织他人非法出境的 韩国“蛇头”张济洪昨天被镇江市中级人民法院判处驱逐出境，并 处以１０万元人民币罚金。	处	13	14
280	Transaction:Transfer-Money	24	与张济洪共同策划组织偷渡活动的中国“蛇头”郑德龙被判处有期 徒刑７年，剥夺政治权利１年，并处罚金５万元；女“蛇头”申明 哲被判处有期徒刑１年，并处罚金５万元。	处	9	10
281	Transaction:Transfer-Money	24	与张济洪共同策划组织偷渡活动的中国“蛇头”郑德龙被判处有期 徒刑７年，剥夺政治权利１年，并处罚金５万元；女“蛇头”申明 哲被判处有期徒刑１年，并处罚金５万元。	处	18	19
282	Transaction:Transfer-Money	24	新华社东京１１月１０日电（记者王大军）日本秋田地方法院１０ 日判处邪教组织“法之华三法行”向秋田市一妇女作出５５０万日 元的赔偿。	赔偿	10	11
283	Transaction:Transfer-Money	24	法庭认为，“法之华三法行”劝人参加研修和捐款活动并非纯粹为 了布教，而是以恶劣的手段敛财，属于有组织的不法行为，因此须 向受害者作出赔偿。	捐款	5	6
284	Transaction:Transfer-Money	24	法庭认为，“法之华三法行”劝人参加研修和捐款活动并非纯粹为 了布教，而是以恶劣的手段敛财，属于有组织的不法行为，因此须 向受害者作出赔偿。	赔偿	13	14
285	Transaction:Transfer-Money	24	南宁市中级人民法院确认，被告人佘国信身为国家工作人员，利用 职务之便为他人谋利益，非法收受他人财物达１８８．５万元人民 币，数额特别巨大，情节特别严重。	收受	7	8
286	Transaction:Transfer-Money	24	新华社东京１１月１３日电（记者王妍）日本大阪地方法院１３日 作出判决，要求以毫无科学根据的脚相诊断为手段骗取钱财的邪教 “法之华三法行”，对大阪府１６名受骗男子赔偿总共１．１亿日 元。	赔偿	12	13
287	Transaction:Transfer-Money	24	这些男子在向法院提出的财产赔偿诉讼中说，从１９９２年开始， “法之华三法行”教团成员以看脚相的方式，恐吓他们已身患癌症 ，骗取了２０万至３０００万日元不等的“研修费”。	骗取	11	12
288	Transaction:Transfer-Money	24	另外，在中国政府的带头号召下，中国民间也掀起了一场前所未见 的捐款热潮，社会各界人士慷慨解囊，媒体上也充满了好人好事的 新闻：在北京，一名78岁的老太太将手头上仅有的1800元人 民币现金捐出；有81个贫困山区的小学生从拮据的生活费中每人 拿出1元人民币，托老师寄给灾区；据说在辽宁的捐款者当中，还 包括了不少失业人士和下岗工人。	捐出	15	16
289	Transaction:Transfer-Money	24	另外，在中国政府的带头号召下，中国民间也掀起了一场前所未见 的捐款热潮，社会各界人士慷慨解囊，媒体上也充满了好人好事的 新闻：在北京，一名78岁的老太太将手头上仅有的1800元人 民币现金捐出；有81个贫困山区的小学生从拮据的生活费中每人 拿出1元人民币，托老师寄给灾区；据说在辽宁的捐款者当中，还 包括了不少失业人士和下岗工人。	拿出	18	19
290	Transaction:Transfer-Money	24	另外，在中国政府的带头号召下，中国民间也掀起了一场前所未见 的捐款热潮，社会各界人士慷慨解囊，媒体上也充满了好人好事的 新闻：在北京，一名78岁的老太太将手头上仅有的1800元人 民币现金捐出；有81个贫困山区的小学生从拮据的生活费中每人 拿出1元人民币，托老师寄给灾区；据说在辽宁的捐款者当中，还 包括了不少失业人士和下岗工人。	捐款	5	6
291	Transaction:Transfer-Money	24	另外，在中国政府的带头号召下，中国民间也掀起了一场前所未见 的捐款热潮，社会各界人士慷慨解囊，媒体上也充满了好人好事的 新闻：在北京，一名78岁的老太太将手头上仅有的1800元人 民币现金捐出；有81个贫困山区的小学生从拮据的生活费中每人 拿出1元人民币，托老师寄给灾区；据说在辽宁的捐款者当中，还 包括了不少失业人士和下岗工人。	慷慨解囊	7	8
292	Transaction:Transfer-Money	24	网民说，在外国，捐款经常是通过电话热线、街头募捐等方式进行 的，捐款人自发性比较强，但中国现在主要的募捐手法却是由政府 机关和事业单位动员雇员捐款，谁捐了多少上级一清二楚，结果一 些不愿意捐助者在压力下，也不得不有一些象征性的表示。	捐款	4	5
293	Transaction:Transfer-Money	24	网民说，在外国，捐款经常是通过电话热线、街头募捐等方式进行 的，捐款人自发性比较强，但中国现在主要的募捐手法却是由政府 机关和事业单位动员雇员捐款，谁捐了多少上级一清二楚，结果一 些不愿意捐助者在压力下，也不得不有一些象征性的表示。	捐款	12	13
294	Transaction:Transfer-Money	24	网民说，在外国，捐款经常是通过电话热线、街头募捐等方式进行 的，捐款人自发性比较强，但中国现在主要的募捐手法却是由政府 机关和事业单位动员雇员捐款，谁捐了多少上级一清二楚，结果一 些不愿意捐助者在压力下，也不得不有一些象征性的表示。	捐	14	15
295	Transaction:Transfer-Money	24	网民说，在外国，捐款经常是通过电话热线、街头募捐等方式进行 的，捐款人自发性比较强，但中国现在主要的募捐手法却是由政府 机关和事业单位动员雇员捐款，谁捐了多少上级一清二楚，结果一 些不愿意捐助者在压力下，也不得不有一些象征性的表示。	表示	19	20
296	Transaction:Transfer-Money	24	"中国官方把援助追加到6200万美元以后，《纽约时报》却仍要 以美国和日本分别捐出3亿5000万美元和5亿美元作比较，来 说明中国""这个世界上人口最多的国家离当亚洲老大的日子还远着 ""。"	追加	0	1
297	Transaction:Transfer-Money	24	"中国官方把援助追加到6200万美元以后，《纽约时报》却仍要 以美国和日本分别捐出3亿5000万美元和5亿美元作比较，来 说明中国""这个世界上人口最多的国家离当亚洲老大的日子还远着 ""。"	捐出	6	7
298	Transaction:Transfer-Money	24	不过也有一些人指出，这一代中国人从小就受官方包办一切社会事 务的教育，许多人没有回馈社会的意识，很少思考自己能给社会作 什么贡献，这次的捐款运动不失为一个很好的大众教育活动。	捐款	10	11
299	Transaction:Transfer-Money	24	新华社西安１１月２３日电（记者张连业　毛海峰）陕西大荔县近 日发生一起荒唐怪事：朝邑镇党委为解决拖欠的教师工资，竟下发 文件向中小学生每人征收５０元，不交纳的学生被拒之校门之外。	征收	11	12
300	Transaction:Transfer-Money	24	巴西石油公司已宣布，将投资９．２７亿美元用于环保项目建设， 防止类似事故的发生。	投资	2	3
301	Transaction:Transfer-Money	24	据贩毒嫌疑人罗某交代，这批毒品是毒贩子在境外老街伪装藏匿的 ，并许诺他将“货”运到中国境内指定地点后可得１０００元报酬 ，但没想到刚一入境便“栽”在边防官兵的手里。	得	8	9
302	Life:Injure	18	一名巴勒斯坦人在加沙地带靠近一个以色列军队哨所的地方发动自 杀性爆炸攻击，把自己炸死， 伊斯兰胜战者组织表示对这次自杀 性袭击事故负责，并警告说这不是最后的一次，这名巴勒斯坦 人 骑着自行车接近以色列哨所，在保护墙墙边引爆炸弹，一名以色列 军人受轻伤，以色列军方指 责巴勒斯坦当局纵容这次袭击，巴勒 斯坦一位安全官员驳斥这种指责，当天是伊斯兰圣战者组织 领导 人西卡奇遇刺5周年，人们普遍都指责那次行刺是以色列部队干的 ，既将担任黎巴嫩总理的哈 利里组成了有将近30名成员的内阁 ，其中穆斯林和基督教徒人数相当，哈利里和拉夫德总统以及 贝 里议长开会之后宣布了这个名单，新内阁几乎比原政府的内阁大了 1倍，只包括了4名原来的内 阁成员，一些黎巴嫩政界人士指责 叙利亚干预部长的选举，给这个过程蒙上了阴影。	轻伤	17	18
303	Life:Injure	18	前几天在加拿大发生车祸的台湾旅行团所有的死伤团员的家属都已 经抵达到了温哥华，同时第一 批伤势比较轻的团员也已经搭机在 返国的途中。	伤	0	1
304	Life:Injure	18	信中说，以色列１２日对加沙和约旦河西岸进行的袭击等于是对巴 勒斯坦人民“全面宣战”，这些军事行动在巴勒斯坦被占领土上造 成了大量人员伤亡和财产损失，违反了包括联合国决议在内的国际 准则，给地区冲突带来了新的不祥之兆。	伤	9	10
305	Life:Injure	18	高雄县龙发塘一名精神病犯昨天深夜突然的自杀，龙发塘指出，这 名死者是去年4月因为自焚由家 人送到龙发塘接受治疗，没想到 确突然的自杀，家属也很无奈。	自焚	5	6
306	Life:Injure	18	据巴方统计，在过去４天的冲突中，已有３１名巴勒斯坦人被以军 打死，１３００多人受伤。	受伤	7	8
307	Life:Injure	18	新华社新德里１２月２日电（记者熊昌义）一列满载乘客的客运列 车今天上午６时左右在印度北部旁遮普邦萨赖－班加拉车站附近与 一列刚刚脱轨的货运列车相撞，至少有２５名乘客死亡，１００多 名乘客受伤。	受伤	13	14
308	Life:Injure	18	凌晨3点多这艘渔船在恶劣的海面中总算历劫归来，船长、轮机长 经过长达10几个小时的囚禁与殴 打身心受创，船长说大陆渔工 想回家乡可是没想到他们竟然会用暴力劫船。	受创	6	7
309	Life:Injure	18	新华社墨西哥城１０月６日电（记者胡加齐）墨西哥航空公司一架 客机６日在墨西哥北部边境城市雷诺萨机场降落时滑出跑道，至少 造成５人死亡，６人受伤。	受伤	10	11
310	Life:Injure	18	另据墨西哥军方说，６日，墨西哥空军的一架飞机因出现机械故障 起飞后不久便在墨西哥中部地区坠毁，造成２人死亡，１人受伤。	受伤	9	10
311	Life:Injure	18	新华社马尼拉１２月３０日电菲律宾首都马尼拉地区３０日发生多 起炸弹爆炸事件，造成至少１３人死亡，７０多人受伤。	受伤	5	6
312	Life:Injure	18	而被砍伤的职员刘通雄送医后，转送开刀房所幸没有伤及要害。	伤	0	1
313	Life:Injure	18	而被砍伤的职员刘通雄送医后，转送开刀房所幸没有伤及要害。	伤及	2	3
314	Life:Injure	18	造成大量人员伤亡	伤	0	1
315	Life:Injure	18	新华社耶路撒冷１０月８日电（记者戚德良）以色列北部的拿萨勒 市８日晚发生流血冲突，当地一名以色列籍阿拉伯人在冲突中丧生 ，数十人受伤。	受伤	9	10
316	Life:Injure	18	新华社东京１０月２日电日本九州南部鹿儿岛地区萨南群岛的恶石 岛当地时间２日下午４时４４分发生里氏５．６级地震，目前尚无 人员伤亡的报告。	伤	6	7
317	Life:Injure	18	新华社加沙１１月２２日电（记者马晓霖）５名巴勒斯坦人２２日 上午在加沙南部的米拉格定居点附近被以军打死，另有８人受伤。	受伤	7	8
318	Life:Injure	18	当天上午，加沙的古什·卡提夫定居点附近还发生了３起炸弹爆炸 事件，有５名小学生因玩耍一枚被带入学校的炸弹而被炸伤。	伤	7	8
319	Life:Injure	18	新华社伊斯兰堡１１月２７日电巴基斯坦旁遮普省２７日下午连续 发生３起炸弹爆炸事件，造成至少１人死亡、２２人受伤。	受伤	5	6
320	Personnel:Start-Position	12	一名巴勒斯坦人在加沙地带靠近一个以色列军队哨所的地方发动自 杀性爆炸攻击，把自己炸死， 伊斯兰胜战者组织表示对这次自杀 性袭击事故负责，并警告说这不是最后的一次，这名巴勒斯坦 人 骑着自行车接近以色列哨所，在保护墙墙边引爆炸弹，一名以色列 军人受轻伤，以色列军方指 责巴勒斯坦当局纵容这次袭击，巴勒 斯坦一位安全官员驳斥这种指责，当天是伊斯兰圣战者组织 领导 人西卡奇遇刺5周年，人们普遍都指责那次行刺是以色列部队干的 ，既将担任黎巴嫩总理的哈 利里组成了有将近30名成员的内阁 ，其中穆斯林和基督教徒人数相当，哈利里和拉夫德总统以及 贝 里议长开会之后宣布了这个名单，新内阁几乎比原政府的内阁大了 1倍，只包括了4名原来的内 阁成员，一些黎巴嫩政界人士指责 叙利亚干预部长的选举，给这个过程蒙上了阴影。	担任	31	32
321	Personnel:Start-Position	12	沙罗维奇１９５９年出生，１９７９年毕业于萨拉热窝大学法律系 ，１９９６－１９９８年任波黑塞族共和国议会议员，１９９８年 底当选为波黑塞族共和国副总统。	任	6	7
322	Personnel:Start-Position	12	《花旗任命中国区首席执行长》	任命	1	2
323	Personnel:Start-Position	12	《花旗任命中国区首席执行长》	任命	1	2
324	Personnel:Start-Position	12	再后来，铁路出大事故，撞死了好多日本人，丁部长的位置干不成 了，被迫辞职，因有桥牌基础，被降为政治局委员，中宣部部长（ 越降越大），现在还在任。	降为	13	14
325	Personnel:Start-Position	12	出生于甘肃兰州的张学忠１９６０年１２月加入中国共产党，１９ ６１年７月参加工作，大学专科学历；在家乡先后任小学教员，甘 肃省人防办秘书处秘书，甘肃省委办公厅秘书处秘书，武威县法放 公社党委书记，榆中县委书记，兰州市委副书记，陇南地委书记； １９８９年后任甘肃省副省长；１９９０年后任中共西藏自治区委 副书记；１９９４年后任人事部副部长、中共人事部党组成员、党 组副书记；１９９９年６月至１２月兼任中共中央大型企业工委委 员；２０００年１１月任中共人事部党组书记。	兼任	35	36
326	Personnel:Start-Position	12	出生于甘肃兰州的张学忠１９６０年１２月加入中国共产党，１９ ６１年７月参加工作，大学专科学历；在家乡先后任小学教员，甘 肃省人防办秘书处秘书，甘肃省委办公厅秘书处秘书，武威县法放 公社党委书记，榆中县委书记，兰州市委副书记，陇南地委书记； １９８９年后任甘肃省副省长；１９９０年后任中共西藏自治区委 副书记；１９９４年后任人事部副部长、中共人事部党组成员、党 组副书记；１９９９年６月至１２月兼任中共中央大型企业工委委 员；２０００年１１月任中共人事部党组书记。	任	38	39
327	Personnel:Start-Position	12	出生于甘肃兰州的张学忠１９６０年１２月加入中国共产党，１９ ６１年７月参加工作，大学专科学历；在家乡先后任小学教员，甘 肃省人防办秘书处秘书，甘肃省委办公厅秘书处秘书，武威县法放 公社党委书记，榆中县委书记，兰州市委副书记，陇南地委书记； １９８９年后任甘肃省副省长；１９９０年后任中共西藏自治区委 副书记；１９９４年后任人事部副部长、中共人事部党组成员、党 组副书记；１９９９年６月至１２月兼任中共中央大型企业工委委 员；２０００年１１月任中共人事部党组书记。	任	7	8
328	Personnel:Start-Position	12	出生于甘肃兰州的张学忠１９６０年１２月加入中国共产党，１９ ６１年７月参加工作，大学专科学历；在家乡先后任小学教员，甘 肃省人防办秘书处秘书，甘肃省委办公厅秘书处秘书，武威县法放 公社党委书记，榆中县委书记，兰州市委副书记，陇南地委书记； １９８９年后任甘肃省副省长；１９９０年后任中共西藏自治区委 副书记；１９９４年后任人事部副部长、中共人事部党组成员、党 组副书记；１９９９年６月至１２月兼任中共中央大型企业工委委 员；２０００年１１月任中共人事部党组书记。	任	23	24
329	Personnel:Start-Position	12	出生于甘肃兰州的张学忠１９６０年１２月加入中国共产党，１９ ６１年７月参加工作，大学专科学历；在家乡先后任小学教员，甘 肃省人防办秘书处秘书，甘肃省委办公厅秘书处秘书，武威县法放 公社党委书记，榆中县委书记，兰州市委副书记，陇南地委书记； １９８９年后任甘肃省副省长；１９９０年后任中共西藏自治区委 副书记；１９９４年后任人事部副部长、中共人事部党组成员、党 组副书记；１９９９年６月至１２月兼任中共中央大型企业工委委 员；２０００年１１月任中共人事部党组书记。	任	25	26
330	Personnel:Start-Position	12	出生于甘肃兰州的张学忠１９６０年１２月加入中国共产党，１９ ６１年７月参加工作，大学专科学历；在家乡先后任小学教员，甘 肃省人防办秘书处秘书，甘肃省委办公厅秘书处秘书，武威县法放 公社党委书记，榆中县委书记，兰州市委副书记，陇南地委书记； １９８９年后任甘肃省副省长；１９９０年后任中共西藏自治区委 副书记；１９９４年后任人事部副部长、中共人事部党组成员、党 组副书记；１９９９年６月至１２月兼任中共中央大型企业工委委 员；２０００年１１月任中共人事部党组书记。	任	28	29
331	Personnel:Start-Position	12	自从１０月底埃里克森被确定为英格兰队的主教练后，拉齐奥队不 管在国内联赛中还是在冠军杯赛中的成绩都一路下滑，在过去８场 比赛中，他们输掉了５场。	确定	0	1
332	Contact:Phone-Write	10	郎平在获奖之后接受记者的电话采访时说，拿到这个最佳教练奖非 常高兴，但是今年联赛马上又要开始了，一些摩德纳队的老队员已 经被其它俱乐部挖走，因此今年的联赛任务更重。	电话	0	1
333	Contact:Phone-Write	10	在为中国残奥会代表团夺取了第一枚金牌后，徐红艳第一件事就是 把越洋电话打到了江苏老家，把喜悦与母亲分享。	电话	3	4
334	Contact:Phone-Write	10	新华社巴格达１２月２６日电（记者顾正龙）伊拉克外交部长萨哈 夫２６日致函联合国秘书长安南，要求对在伊拉克和科威特边境非 军事区上空从事敌对飞行活动的飞机进行调查，以维护该地区的和 平与稳定。	致函	5	6
335	Contact:Phone-Write	10	我多次电话联系都没人理我；	电话	0	1
336	Contact:Phone-Write	10	新华社联合国１０月１２日电（记者丁宝忠）巴勒斯坦常驻联合国 观察员基德瓦１２日致信安理会主席，要求召开安理会紧急会议， 制止以色列对巴勒斯坦人使用武力。	致信	5	6
337	Contact:Phone-Write	10	信中说，以色列１２日对加沙和约旦河西岸进行的袭击等于是对巴 勒斯坦人民“全面宣战”，这些军事行动在巴勒斯坦被占领土上造 成了大量人员伤亡和财产损失，违反了包括联合国决议在内的国际 准则，给地区冲突带来了新的不祥之兆。	信	0	1
338	Contact:Phone-Write	10	新华社柏林１０月１７日电（记者王东）在悉尼残疾人奥运会开幕 之际，德国总理格哈德·施罗德今天致电德国残奥会代表团，祝他 们在本届残奥会上取得优异的成绩。	致电	9	10
339	Contact:Phone-Write	10	初中同学怀孕四个月了， 什么时候打个电话回去问候一下。	电话	2	3
340	Contact:Phone-Write	10	王新平基于礼貌还写了一封文情并茂的信向总统说明不去原因，在 野的三党一派立委手拉着手彼 此加油打气，心中共同的目标就是 倒戈和罢免。	信	0	1
341	Contact:Phone-Write	10	新华社索非亚１０月２０日电（记者余志和）保加利亚国家警察局 局长瓦西列夫日前致信保政府有关部门，建议采取更严厉的法律和 行政措施，如修订《刑事诉讼法》和《劳教法》等，防治足球流氓 。	致信	5	6
342	Personnel:Elect	4	新华社贝尔格莱德１１月２３日电据南通社２３日报道，波黑塞尔 维亚民主党提名的候选人沙罗维奇在１１月１１日举行的大选中， 当选为波黑塞族共和国总统。	当选	5	6
343	Personnel:Elect	4	沙罗维奇１９５９年出生，１９７９年毕业于萨拉热窝大学法律系 ，１９９６－１９９８年任波黑塞族共和国议会议员，１９９８年 底当选为波黑塞族共和国副总统。	当选	9	10
344	Personnel:Elect	4	新华社华盛顿１２月２０日电（记者胡晓明　汤水富）美国当选总 统乔治·沃克·布什２０日宣布了美国下届政府财政、商务、农业 以及住房和城市发展部部长提名。	当选	5	6
345	Personnel:Elect	4	结束了， 如很多人所料， 也如很多人所担忧的， 布什连任了 。	连任	6	7
346	Personnel:Nominate	8	新华社贝尔格莱德１１月２３日电据南通社２３日报道，波黑塞尔 维亚民主党提名的候选人沙罗维奇在１１月１１日举行的大选中， 当选为波黑塞族共和国总统。	提名	3	4
347	Personnel:Nominate	8	“为了不让我们的政务因为阁魁的更换有了空穿期，影响整个政务 的推动，所以这个人选的任命 我们完全支持总统的看法。”	任命	6	7
348	Personnel:Nominate	8	新华社华盛顿１２月１７日电（记者胡晓明　汤水富）美国当选总 统、得克萨斯州州长布什１７日宣布了几项重要提名，其首席对外 政策顾问康多莉扎·赖斯为总统国家安全事务助理，得州最高法院 法官阿尔韦托·冈萨雷斯为白宫首席律师，其发言人卡伦·休斯为 总统顾问。	提名	8	9
349	Personnel:Nominate	8	新华社华盛顿１２月１７日电（记者胡晓明　汤水富）美国当选总 统、得克萨斯州州长布什１７日宣布了几项重要提名，其首席对外 政策顾问康多莉扎·赖斯为总统国家安全事务助理，得州最高法院 法官阿尔韦托·冈萨雷斯为白宫首席律师，其发言人卡伦·休斯为 总统顾问。	为	13	14
350	Personnel:Nominate	8	新华社华盛顿１２月１７日电（记者胡晓明　汤水富）美国当选总 统、得克萨斯州州长布什１７日宣布了几项重要提名，其首席对外 政策顾问康多莉扎·赖斯为总统国家安全事务助理，得州最高法院 法官阿尔韦托·冈萨雷斯为白宫首席律师，其发言人卡伦·休斯为 总统顾问。	为	18	19
351	Personnel:Nominate	8	新华社华盛顿１２月１７日电（记者胡晓明　汤水富）美国当选总 统、得克萨斯州州长布什１７日宣布了几项重要提名，其首席对外 政策顾问康多莉扎·赖斯为总统国家安全事务助理，得州最高法院 法官阿尔韦托·冈萨雷斯为白宫首席律师，其发言人卡伦·休斯为 总统顾问。	为	22	23
352	Personnel:Nominate	8	新华社华盛顿１２月２０日电（记者胡晓明　汤水富）美国当选总 统乔治·沃克·布什２０日宣布了美国下届政府财政、商务、农业 以及住房和城市发展部部长提名。	提名	15	16
353	Personnel:Nominate	8	拉胡德当天向所有１２８名议员征询意见，其中１０６名议员提名 哈里里为新政府总理。	提名	2	3
354	Life:Be-Born	4	沙罗维奇１９５９年出生，１９７９年毕业于萨拉热窝大学法律系 ，１９９６－１９９８年任波黑塞族共和国议会议员，１９９８年 底当选为波黑塞族共和国副总统。	出生	0	1
355	Life:Be-Born	4	出生于甘肃兰州的张学忠１９６０年１２月加入中国共产党，１９ ６１年７月参加工作，大学专科学历；在家乡先后任小学教员，甘 肃省人防办秘书处秘书，甘肃省委办公厅秘书处秘书，武威县法放 公社党委书记，榆中县委书记，兰州市委副书记，陇南地委书记； １９８９年后任甘肃省副省长；１９９０年后任中共西藏自治区委 副书记；１９９４年后任人事部副部长、中共人事部党组成员、党 组副书记；１９９９年６月至１２月兼任中共中央大型企业工委委 员；２０００年１１月任中共人事部党组书记。	出生	0	1
356	Life:Be-Born	4	我算是土生土长的南京人，虽然父辈只是随部队南下才到南京，但 我可是在南京出生，在南京长大的，除了在上海当兵的十年。	出生	5	6
357	Life:Be-Born	4	我算是土生土长的南京人，虽然父辈只是随部队南下才到南京，但 我可是在南京出生，在南京长大的，除了在上海当兵的十年。	出生	5	6
358	Justice:Arrest-Jail	19	在今天的“现身说法”警示教育会上，原陕西省人民银行营业部柜 台负责人淡东晖等７名因贪污、受贿、挪用公款等罪被判刑的服刑 人员，分别现场讲述了各自由一名党员、干部、企业管理人员、军 人、人民警察变成罪人，走上犯罪道路的沉痛教训。	服刑	11	12
359	Justice:Arrest-Jail	19	新华社哈尔滨１０月８日电（何文泽、梁维德）铁路警察杜海平在 下班回家途中，面对正在持刀逃跑的歹徒，他挺身而出，持手空拳 与歹徒进行殊死搏斗，英勇牺牲，为及时擒获歹徒赢得了战机，谱 写了一曲英雄主义凯歌。	擒获	18	19
360	Justice:Arrest-Jail	19	佘国信，５７岁，原系广西壮族自治区人民政府主席助理，广西壮 族自治区财政厅厅长、党组书记，因涉嫌受贿于２０００年１月１ ７日被公安机关逮捕。	逮捕	12	13
361	Justice:Arrest-Jail	19	据这位首席检察官透露，被捕的贩毒分子是科隆人，今年３４岁， 他因为非法经营大量可卡因而被逮捕。	捕	2	3
362	Justice:Arrest-Jail	19	据这位首席检察官透露，被捕的贩毒分子是科隆人，今年３４岁， 他因为非法经营大量可卡因而被逮捕。	逮捕	6	7
363	Justice:Arrest-Jail	19	新华社金边１１月２４日电（记者晏明　李超碧）柬埔寨首都金边 市政府２４日上午发表声明说，柬政府武装力量已经逮捕了参与２ ４日凌晨在金边市武装袭击军警的恐怖分子２１人，击毙７人。	逮捕	8	9
364	Justice:Arrest-Jail	19	继海军前舰管室主任雷学明被释放之后呢，涉及拉瓦耶级军舰弊购 案的前海军少将王庭深以及其 他两名军官康士成，还有程志波也 在今天以羁押期限已满，开庭审理之后当庭释放。	羁押	7	8
365	Justice:Arrest-Jail	19	新华社重庆１０月２日电（记者代群）经重庆市人民检察院第一分 院批准，重庆市公安局日前对在重庆抓获的涉嫌渝湘鄂系列持枪杀 人抢劫案的张君及其同伙共６人宣布逮捕。	逮捕	8	9
366	Justice:Arrest-Jail	19	新华社重庆１０月２日电（记者代群）经重庆市人民检察院第一分 院批准，重庆市公安局日前对在重庆抓获的涉嫌渝湘鄂系列持枪杀 人抢劫案的张君及其同伙共６人宣布逮捕。	抓获	7	8
367	Justice:Arrest-Jail	19	新华社成都１２月２４日电（记者任硌）今年下半年以来，四川省 达州市公安机关集中开展的“打黑除恶”专项斗争，一举摧毁带有 黑社会性质的流氓恶势力团伙５个，抓获涉黑违法犯罪嫌疑人１５ ６人。	抓获	16	17
368	Justice:Arrest-Jail	19	新华社北京１１月２４日电（段颖　孙玉波）记者今天从北京海关 获悉，１１月２０日上午１１时１０分，随着两名涉嫌通过邮政快 递渠道走私毒品的台湾籍犯罪嫌疑人－－简志仲和李金正在北京朝 阳小区的家中被抓获，一起邮寄毒品案已被北京海关破获。	抓获	15	16
369	Justice:Arrest-Jail	19	金龙局渔船星河发36号船上的大陆渔工前天挟持了船长和轮机长 ，企图把船开到大陆，海事处紧 急的派出了船舰在海峡中间附近 拦截到这艘渔船，并且将8名的大陆渔工带回来统统回押。	回押	8	9
370	Justice:Arrest-Jail	19	据保国家电视台２０日晚报道，索非亚警察已拘捕了４名投掷自制 手雷的嫌疑犯。	拘捕	2	3
371	Justice:Arrest-Jail	19	江苏省连云港市公安边防支队在１９９９年底进行的反偷渡专项行 动中，一举摧毁了这个以大“蛇头”翁金顺为首的特大跨省组织偷 渡团伙，抓获涉案人员４０多人。	抓获	10	11
372	Justice:Arrest-Jail	19	新华社马德里１１月２４日电（记者夏顺英）西班牙政府２４日批 准了西班牙和意大利关于追捕恐怖主义分子和黑手党分子等重大罪 犯的条约，以替换现有的引渡协定。	追捕	5	6
373	Justice:Arrest-Jail	19	新华社昆明１２月２４日电（李春　杨金高）云南临沧公安边防支 队河外边防工作站日前破获一起特大跨国贩运冰毒案，当场抓获贩 毒嫌疑人１名，缴获冰毒３０公斤。	抓获	8	9
374	Justice:Arrest-Jail	19	巴警方目前尚未抓获任何嫌疑犯，也没有任何个人或组织宣布对爆 炸事件负责。	抓获	0	1
375	Justice:Arrest-Jail	19	关押周正毅的上海提篮桥监狱内部人士也否定了这一传言，称其未 听说周正毅已经获得保外就医的批准，至少相关的文件在其职能内 并未看见。	关押	0	1
376	Justice:Arrest-Jail	19	据悉，在释放这批战俘后，西撒人阵还有１４８１名摩洛哥战俘在 押。	"在
押"	4	6
377	Business:Start-Org	18	新华社南京１２月１７日电（记者　赵明亮）我国家电行业大型企 业之一江苏苏宁电器集团昨天在南京宣布：未来三年内在全国建立 １５００家综合电器连锁店，比现在的数量增加１０倍，形成行业 内的“航空母舰”，以应对入世后跨国商业资本的进入。	建立	8	9
378	Business:Start-Org	18	吉特迈１９８５年开始进入中国，目前已在北京、上海、西安、广 州等地设立了代表处及展示中心，并投资５００万马克成立了吉特 迈（中国）有限公司。	成立	11	12
379	Business:Start-Org	18	吉特迈１９８５年开始进入中国，目前已在北京、上海、西安、广 州等地设立了代表处及展示中心，并投资５００万马克成立了吉特 迈（中国）有限公司。	设立	9	10
380	Business:Start-Org	18	据了解，通过这一机构取得良好的社会效果是山东省德州市临县和 江苏省彝黄县，当地政府官员 表示，由多个办事部门共同组成的 司法调整中心成立仅1年后，就快速有效地为农民调解各类纠纷  1500多起，结案率达到95%，同时找上级政府告状的案件下 降了65%。	成立	9	10
381	Business:Start-Org	18	据了解，目前中国已建成乡镇司法调整中心2万多个，约占乡镇总 数的近44%，中国司法部认为， 乡镇司法调解中心的设立符合 中国的国情和民情。	建成	2	3
382	Business:Start-Org	18	印尼总检察院是在８月上旬以苏哈托在执政期间利用他创立和经营 的７个基金会侵吞国家５．８亿美元向法院提出起诉的。	创立	0	1
383	Business:Start-Org	18	葡语国家共同体是在巴西前总统佛朗哥的倡议下于１９９６年７月 成立的，总部设在里斯本，其成员国有巴西、葡萄牙、佛得角、几 内亚比绍、莫桑比克、安哥拉及圣多美和普林西比。	成立	1	2
384	Business:Start-Org	18	)和瑞士信贷第一波士顿(Credit  Suisse First Boston Corp.)等，也 表达了想在中国建立合资企业的意愿。	建立	12	13
385	Business:Start-Org	18	新华社呼和浩特１０月２日电（记者石圭平）内蒙古民族歌舞剧院 近日在呼和浩特市成立。	成立	5	6
386	Business:Start-Org	18	新华社广州１２月２８日电（记者张朝祥）广东省华侨华人投诉咨 询服务中心今天在广州挂牌成立。	成立	5	6
387	Business:Start-Org	18	李令红称，公司将和和记黄埔成立一家合资企业：北仑国际集装箱 码头有限公司(Beilun International ContainerHarbor  Co.)，其中宁波港集团持股51%。	成立	2	3
388	Business:Start-Org	18	新华社巴拿马城１２月１７日电（记者纪国华）巴拿马中国商会１ ７日在距巴拿马首都约５０公里外的甘博亚饭店正式成立。	成立	5	6
389	Business:Start-Org	18	新华社成都１２月２４日电（记者田刚）由攀钢集团整体作为债转 股主体，与国家开发银行、信达资产管理公司共同出资组建的攀枝 花钢铁有限责任公司今天在成都成立。	成立	10	11
390	Business:Start-Org	18	西非经货联盟成立于１９９４年１月，成员国有贝宁、布基纳法索 、科特迪瓦、马里、尼日尔、塞内加尔、多哥和几内亚比绍。	成立	0	1
391	Business:Start-Org	18	中国石化股份公司与德国巴斯夫公司合资组建的扬子石化巴斯夫有 限责任公司8号在北京宣布成立 ，这标志着中国最大的中德合资 化工合作项目“扬巴一体化”工程进入实施阶段。	成立	1	2
392	Business:Start-Org	18	总投资30亿美元的“扬巴一体化”项目由中外双方按50比50的 比例出资建设，预计在2004年年底 建成投产，这个项目由9套 世界级的石化装置组成，年产乙烯90万吨，加入合成树脂、精细 化工原 料等化工产品的年生产能力，可达到170万吨。	建成	8	9
393	Business:Start-Org	18	新华社贝鲁特１０月２３日电（记者符卫建　黄灵）黎巴嫩总统拉 胡德２３日晚发布总统令，授命前总理哈里里组成新政府。	组成	8	9
394	Business:Start-Org	18	黎巴嫩新议会１０月１７日宣誓就职，同一天胡斯领导的现政府集 体辞职，成为看守政府。	就职	0	1
395	Justice:Trial-Hearing	18	“国家有他的法令，什么都可以重审，总是第一次大人都无罪，那 干脆每个人都可以杀一个人啊 ，那杀第二个人就可以关了。”	重审	3	4
396	Justice:Trial-Hearing	18	新华社圣地亚哥１２月２６日电（记者侯耀其）智利最高法院２６ 日作出决定，要求专门负责调查和处理皮诺切特诉讼案的古斯曼法 官在对皮氏进行正式询问之前，应先安排这位现年８５岁的前军政 府领导人作健康检查。	询问	8	9
397	Justice:Trial-Hearing	18	根据最高法院的上述决定，古斯曼原先安排本月２７日和２８日对 皮氏进行司法盘问的计划不得不推后执行。	盘问	3	4
398	Justice:Trial-Hearing	18	本月２０日，智利最高法院第二刑事法庭在经过两天的听证会后宣 布，古斯曼应在未来２０个工作日中对皮诺切特进行正式询问。	询问	5	6
399	Justice:Trial-Hearing	18	本月２０日，智利最高法院第二刑事法庭在经过两天的听证会后宣 布，古斯曼应在未来２０个工作日中对皮诺切特进行正式询问。	听证	2	3
400	Justice:Trial-Hearing	18	新华社南宁１１月３日电（记者程义峰　刘水玉）原广西壮族自治 区财政厅厅长佘国信受贿一案今日作出一审判决，南宁市中级人民 法院依法判处被告人佘国信无期徒刑，剥夺政治权利终身，并处没 收其个人全部所有财产。	一审	6	7
401	Justice:Trial-Hearing	18	新华社北京１１月１日电（记者李煦　牛爱民）北京市第一中级人 民法院今天在此间公开开庭审理了一起因怀疑他人与其夫有染，在 繁华地区当街持刀杀人案。	审理	6	7
402	Justice:Trial-Hearing	18	新华社成都１２月２１日电（记者任硌）在四川引起强烈反响的资 阳市“９·４”带黑社会性质的特大持枪杀人案日前经资阳地区中 级人民法院一审审理终结，余茂学、黄胜、廖忠福、李月刚等４名 被告被依法判处死刑，替余茂学通风报信的莫维刚被判处有期徒刑 两年。	审理	12	13
403	Justice:Trial-Hearing	18	在东京连续举行4天的审判日军性虐待的二次大战被害妇女国际法 庭“公元2000年东京大审”，12 号在担任法庭庭长的美国 籍麦道娜宣布初步的审判结果，认为由于慰安妇制度是由日军和政 府大 规模的在各地实施将女性性奴隶化的活动，当时的日皇裕仁 不可能不知情，因此宣判裕仁有罪， 此外也要求日本政府对于受 害的女性道歉并且赔偿。	审判	0	1
404	Justice:Trial-Hearing	18	在东京连续举行4天的审判日军性虐待的二次大战被害妇女国际法 庭“公元2000年东京大审”，12 号在担任法庭庭长的美国 籍麦道娜宣布初步的审判结果，认为由于慰安妇制度是由日军和政 府大 规模的在各地实施将女性性奴隶化的活动，当时的日皇裕仁 不可能不知情，因此宣判裕仁有罪， 此外也要求日本政府对于受 害的女性道歉并且赔偿。	大审	3	4
405	Justice:Trial-Hearing	18	在东京连续举行4天的审判日军性虐待的二次大战被害妇女国际法 庭“公元2000年东京大审”，12 号在担任法庭庭长的美国 籍麦道娜宣布初步的审判结果，认为由于慰安妇制度是由日军和政 府大 规模的在各地实施将女性性奴隶化的活动，当时的日皇裕仁 不可能不知情，因此宣判裕仁有罪， 此外也要求日本政府对于受 害的女性道歉并且赔偿。	审判	8	9
406	Justice:Trial-Hearing	18	据了解，这是我国新刑法颁布后，全国首例国有企业及法人代表因 逃避追缴欠税被审判的案件。	审判	5	6
407	Justice:Trial-Hearing	18	新华社雅加达１１月８日电（记者赵金川）印度尼西亚雅加达省高 等法院８日要求雅加达南区法院重新审理前总统苏哈托涉嫌贪污案 。	审理	5	6
408	Justice:Trial-Hearing	18	安徽省合肥市中级人民法院昨天对原阜阳市市长肖作新受贿、巨额 财产来源不明，周纪美受贿、 贪污、非法倒卖土地使用权、巨额 财产来源不明一案，作出一审判决：肖作新、周纪美夫妇分别 被 判处无期徒刑和死刑，缓期二年执行，并处没收个人全部财产。	一审	14	15
409	Justice:Trial-Hearing	18	新华社圣地亚哥１２月１１日电（记者侯耀其）智利圣地亚哥上诉 法院第五庭１１日下午做出初审裁决，宣布接受前军政府领导人皮 诺切特辩护律师团提出的上诉，推翻古斯曼法官本月１日签发的关 于审判皮诺切特的决定。	初审	5	6
410	Justice:Trial-Hearing	18	新华社华盛顿１１月２４日电（记者刘江　胡晓明）美国联邦最高 法院２４日下午宣布，该院已决定受理共和党总统候选人布什对佛 罗里达州最高法院关于人工重新计票结果有效的判决提出的上诉， 并将于１２月１日就这一问题举行听证会。	听证会	11	12
411	Justice:Trial-Hearing	18	新华社南京１１月２４日电（邹煊　张凯）曾先后１４次组织偷渡 活动的“蛇头”翁金顺今天被江苏省连云港市中级人民法院一审判 处无期徒刑，另外２名“蛇头”崔顺军、林正清分别被判处有期徒 刑１２年，“蛇头”王月东被判处有期徒刑８年。	一审	10	11
412	Justice:Trial-Hearing	18	连云港市中级人民法院今天还一审分别判处“蛇头”陈守汉、史春 平有期徒刑４年，分别判处“蛇头”王月兵、万培成有期徒刑２年 、１年。	一审	0	1
413	Justice:Acquit	1	“国家有他的法令，什么都可以重审，总是第一次大人都无罪，那 干脆每个人都可以杀一个人啊 ，那杀第二个人就可以关了。”	无罪	5	6
414	Personnel:End-Position	7	对于唐飞请辞民进党今天内部是动作不断，不过到了下午随着内阁 阁员拟定而趋于正常，现任民 进党主席谢长庭呼吁党内要团结， 支持新阁魁张俊雄。	辞	0	1
415	Personnel:End-Position	7	苏哈托是１９９８年５月下台的。	下台	0	1
416	Personnel:End-Position	7	王新平基于礼貌还写了一封文情并茂的信向总统说明不去原因，在 野的三党一派立委手拉着手彼 此加油打气，心中共同的目标就是 倒戈和罢免。	罢免	7	8
417	Personnel:End-Position	7	在国民党掌握人数优势下，张院长已经被列为不受欢迎对象，周二 的总质询马上取消变成反案审 查，这个小小议程的改变，里头藏 有重大的政治企图，就是希望联手修改罢免总统的规定，根据 国 民党的版本，只要1/4立委联署接着请总统答辩，经过无记名投 票表决2/3立委同意就可以送交 中选会重新投票，因此修法要 闯得第一关。	罢免	13	14
418	Personnel:End-Position	7	再后来，铁路出大事故，撞死了好多日本人，丁部长的位置干不成 了，被迫辞职，因有桥牌基础，被降为政治局委员，中宣部部长（ 越降越大），现在还在任。	辞职	9	10
419	Personnel:End-Position	7	据新华社消息，经中共中央批准、中央纪律检查委员会对中央候补 委员、国防科学技术工业委员 会副主任徐鹏航的违纪问题进行了 审查，徐鹏航同志做为党员、领导干部利用职务的影响帮助湖 北 康塞公司股票上市，支持参与亲属购买内部职工股，并从中获利１ １３万元，数额巨大，其行 为严重侵害了国家公职人员职务行为 的廉洁性，造成了恶劣的政治影响，已经构成严重违纪，中 央纪 委常委会议建议中央撤消徐鹏航同志第十五届中央委员会候补委员 职务，给予其留党察看二 年处分，监察部已经报经国务院批准撤 消徐鹏航同志国防科学技术工业委员会副主任职务。	撤消	34	35
420	Personnel:End-Position	7	据新华社消息，经中共中央批准、中央纪律检查委员会对中央候补 委员、国防科学技术工业委员 会副主任徐鹏航的违纪问题进行了 审查，徐鹏航同志做为党员、领导干部利用职务的影响帮助湖 北 康塞公司股票上市，支持参与亲属购买内部职工股，并从中获利１ １３万元，数额巨大，其行 为严重侵害了国家公职人员职务行为 的廉洁性，造成了恶劣的政治影响，已经构成严重违纪，中 央纪 委常委会议建议中央撤消徐鹏航同志第十五届中央委员会候补委员 职务，给予其留党察看二 年处分，监察部已经报经国务院批准撤 消徐鹏航同志国防科学技术工业委员会副主任职务。	"撤
消"	40	42
421	Justice:Sue	11	新华社圣地亚哥１２月２６日电（记者侯耀其）智利最高法院２６ 日作出决定，要求专门负责调查和处理皮诺切特诉讼案的古斯曼法 官在对皮氏进行正式询问之前，应先安排这位现年８５岁的前军政 府领导人作健康检查。	诉讼	7	8
422	Justice:Sue	11	对于智利最高法院新的决定，皮诺切特诉讼案的控方律师普遍表示 惊讶和不满。	诉讼	2	3
423	Justice:Sue	11	对于愈演愈烈的总统府绯闻案总统府上午首度表示立场，总统府秘 书长尤希昆说：“只要副总统 决定打官司，陈总统一定会支持” 。	打官司	7	8
424	Justice:Sue	11	而在野党今天最强烈抨击总统府要帮副总统吕秀莲打官司付钱这根 本就是违法的事情，不过副总 统吕秀莲的哥哥吕传升律师说，他 绝对会帮妹妹告到底，而且是绝对免费的。	告	7	8
425	Justice:Sue	11	“假如说诉讼可以让事情弄得清楚，那我觉得就是花这笔钱去进行 诉讼让事情早一点水落石出… …。”	诉讼	1	2
426	Justice:Sue	11	“假如说诉讼可以让事情弄得清楚，那我觉得就是花这笔钱去进行 诉讼让事情早一点水落石出… …。”	诉讼	4	5
427	Justice:Sue	11	这些男子在向法院提出的财产赔偿诉讼中说，从１９９２年开始， “法之华三法行”教团成员以看脚相的方式，恐吓他们已身患癌症 ，骗取了２０万至３０００万日元不等的“研修费”。	诉讼	0	1
428	Justice:Sue	11	俄罗斯石油公司尤科斯近日威胁说，如果印度石油天然气公司（ONGC） 计划收购已经被俄罗斯政府拍卖尤甘斯克的股份，就将对ONGC提 起诉讼。	诉讼	9	10
429	Justice:Sue	11	据了解，通过这一机构取得良好的社会效果是山东省德州市临县和 江苏省彝黄县，当地政府官员 表示，由多个办事部门共同组成的 司法调整中心成立仅1年后，就快速有效地为农民调解各类纠纷  1500多起，结案率达到95%，同时找上级政府告状的案件下 降了65%。	告状	17	18
430	Justice:Sue	11	原告宝洁公司认为，晨铉公司将“ｓａｆｅｇｕａｒｄ．ｃｏｍ． ｃｎ”注册商标注册在其域名中，明显是恶意注册和“搭便车”的 不正当竞争行为，容易误导网上公众误认为晨铉公司与宝洁公司及 其“ｓａｆｅｇｕａｒｄ”商标之间有关联，损害了其合法利益， 故诉至法院。	诉	28	29
431	Justice:Sue	11	在对一些企业提起诉讼的同时，华融还对资不抵债的北京鸿高玉苑 物业管理有限公司、北京十三陵明皇蜡像馆等两家企业，向北京市 中级人民法院提起了破产清算申请，涉及债权金额约１０亿元。	诉讼	0	1
432	Business:End-Org	3	新华社兰州１２月２７日电记者来信：兰州室内泳馆为何闭门谢客	闭门	2	3
433	Business:End-Org	3	原本想靠冬季挣钱的兰州室内游泳馆，因重复投资和无序竞争，目 前大多数已闭门谢客，经历了盲目的一哄而上后陷入进退两难的境 地。	闭门	5	6
434	Business:End-Org	3	黎巴嫩新议会１０月１７日宣誓就职，同一天胡斯领导的现政府集 体辞职，成为看守政府。	辞职	3	4
435	Justice:Release-Parole	6	继海军前舰管室主任雷学明被释放之后呢，涉及拉瓦耶级军舰弊购 案的前海军少将王庭深以及其 他两名军官康士成，还有程志波也 在今天以羁押期限已满，开庭审理之后当庭释放。	释放	0	1
436	Justice:Release-Parole	6	继海军前舰管室主任雷学明被释放之后呢，涉及拉瓦耶级军舰弊购 案的前海军少将王庭深以及其 他两名军官康士成，还有程志波也 在今天以羁押期限已满，开庭审理之后当庭释放。	释放	9	10
437	Justice:Release-Parole	6	关押周正毅的上海提篮桥监狱内部人士也否定了这一传言，称其未 听说周正毅已经获得保外就医的批准，至少相关的文件在其职能内 并未看见。	保外就医	3	4
438	Justice:Release-Parole	6	据悉，在释放这批战俘后，西撒人阵还有１４８１名摩洛哥战俘在 押。	释放	2	3
439	Justice:Release-Parole	6	新华社墨西哥城１２月３０日电（记者胡加齐）墨西哥恰帕斯州政 府３０日释放了首批１６名萨帕塔民族解放军武装组织成员，墨政 府在和平解决恰帕斯州武装冲突问题上又迈出了一步。	释放	5	6
440	Justice:Release-Parole	6	本月初，萨帕塔武装组织提出一系列与政府恢复和平谈判的条件， 其中包括通过并履行有关保护土著人权利和文化的条约和法律，释 放被关押的萨帕塔组织成员，以及政府从恰帕斯州撤军等。	"释
放"	6	8
441	Conflict:Demonstrate	10	巴最高安全委员会在声明中还明确规定在校学生不准到冲突前沿， 并禁止在游行活动中蒙面，以免“外人”混入群众队伍制造事端。	游行	2	3
442	Conflict:Demonstrate	10	新华社哈瓦那１０月１６日电古巴共产党中央机关报《格拉玛报》 １６日发表长篇社论，重申古巴政府和人民反对美国封锁政策的决 心，并宣布８０万哈瓦那各界群众将于１８日举行大规模游行，抗 议美国国会最近通过有关古巴的议案。	游行	9	10
443	Conflict:Demonstrate	10	新华社耶路撒冷１０月６日电（记者戚德良　钟翠花）大约２万多 名巴勒斯坦人６日上午在东耶路撒冷圣殿山阿克萨清真寺祈祷完毕 后举行示威活动，抗议以色列军警在最近以巴流血冲突中枪杀巴勒 斯坦民众，并与以色列军队再次发生冲突。	示威	7	8
444	Conflict:Demonstrate	10	为防止巴民众６日利用礼拜活动开展大规模反以示威游行，以色列 总理巴拉克命令以军自６日凌晨起对巴实施为期４天的封锁，并派 重兵防范。	游行	0	1
445	Conflict:Demonstrate	10	而吴薇婉在面临突来的状况受到了惊吓一度昏倒，所幸经过支持者 的协助并无大碍，早上11点左 右吴薇婉不满警方凌晨拆除行动 ，便带领30位支持群众到议会前抗议。	抗议	8	9
446	Conflict:Demonstrate	10	事件发生后，为抗议犹太人针对阿拉伯人的暴力行为，由阿拉伯政 党和地方行政机构的阿拉伯领导人组成的以色列阿拉伯监督委员会 当晚决定，自９日起在拿萨勒举行总罢工。	总罢工	8	9
447	Conflict:Demonstrate	10	新华社柏林１０月２８日电（记者刘钢）德国杜塞尔多夫和卡塞尔 两地２８日举行大规模的反极右势力示威游行和集会，３万多人走 上街头，抗议右翼极端分子的嚣张气焰。	游行	5	6
448	Conflict:Demonstrate	10	新华社柏林１０月２８日电（记者刘钢）德国杜塞尔多夫和卡塞尔 两地２８日举行大规模的反极右势力示威游行和集会，３万多人走 上街头，抗议右翼极端分子的嚣张气焰。	集会	5	6
449	Conflict:Demonstrate	10	６０００多名卡塞尔市民当天在“全城都行动起来”的口号下，参 加了反极右示威行动。	示威	7	8
450	Conflict:Demonstrate	10	近一个时期以来，德国极右势力经常制造事端，德国各地也不断爆 发大规模的反极右示威活动。	示威	5	6
451	Justice:Execute	4	新华社成都１２月２１日电（记者任硌）在四川引起强烈反响的资 阳市“９·４”带黑社会性质的特大持枪杀人案日前经资阳地区中 级人民法院一审审理终结，余茂学、黄胜、廖忠福、李月刚等４名 被告被依法判处死刑，替余茂学通风报信的莫维刚被判处有期徒刑 两年。	判处	21	22
452	Justice:Execute	4	安徽省合肥市中级人民法院昨天对原阜阳市市长肖作新受贿、巨额 财产来源不明，周纪美受贿、 贪污、非法倒卖土地使用权、巨额 财产来源不明一案，作出一审判决：肖作新、周纪美夫妇分别 被 判处无期徒刑和死刑，缓期二年执行，并处没收个人全部财产。	死刑	20	21
453	Justice:Execute	4	新华社北京１１月１４日电（记者李煦　牛爱民）遵照北京市高级 人民法院院长下达的执行死刑的命令，北京市第一中级人民法院今 天将杀害公安民警袁时光的凶手王国清验明正身，押赴刑场执行枪 决。	"枪
决"	11	13
454	Justice:Execute	4	新华社北京１１月１４日电（记者李煦　牛爱民）遵照北京市高级 人民法院院长下达的执行死刑的命令，北京市第一中级人民法院今 天将杀害公安民警袁时光的凶手王国清验明正身，押赴刑场执行枪 决。	死刑	6	7
455	Justice:Convict	1	在东京连续举行4天的审判日军性虐待的二次大战被害妇女国际法 庭“公元2000年东京大审”，12 号在担任法庭庭长的美国 籍麦道娜宣布初步的审判结果，认为由于慰安妇制度是由日军和政 府大 规模的在各地实施将女性性奴隶化的活动，当时的日皇裕仁 不可能不知情，因此宣判裕仁有罪， 此外也要求日本政府对于受 害的女性道歉并且赔偿。	有罪	17	18
456	Life:Marry	10	打破吉氏世界纪录是许多人梦寐以求的目标，而纪录的项目也是无 奇不有，今年台湾一共有9项纪 录获得英国吉氏总部认证通过， 包括双胞胎大集合，最大的天灯以及最大的海底婚礼，并且在今  天获颁纪录证书，黄美宁的报道。	婚礼	10	11
457	Life:Marry	10	28岁的姐， 房子好歹也弄好了， 终于结婚了。	结婚	4	5
458	Life:Marry	10	以后一定得和媳妇照一次婚纱照， 虽说都已经嫁给我了，可不能 亏待她。	嫁	2	3
459	Life:Marry	10	调查发现，10名已婚或与男友同居的中国女性当中，几乎有9人 表示，他们在诸如购买房子和汽车等大件物品时，至少可以与男人 平等参与意见。	已婚	2	3
460	Life:Marry	10	建议你娶个日本女人LP，这样你的钱可以放心了！	娶	0	1
461	Life:Marry	10	这是他最后一次谈恋爱， 在结婚之前。	结婚	2	3
462	Life:Marry	10	一个错误的决定导致了一场错误的婚姻。	婚姻	0	1
463	Life:Marry	10	这是怎么样的婚姻？	婚姻	0	1
464	Life:Marry	10	"结婚前真的不知道， 原来女人""虚荣心""都很强，一两句花言巧 语之后什么事都没了......"	结婚	0	1
465	Life:Marry	10	除了在东台湾喜气洋洋之外，在台北县也有一场号称世纪末最具规 模的户外集团结婚，除了有百 人大乐队之外，168对新人更同 时拥吻200秒为即将到来的二十一世纪来做见证。	结婚	3	4
466	Justice:Fine	3	安徽省合肥市中级人民法院昨天对原阜阳市市长肖作新受贿、巨额 财产来源不明，周纪美受贿、 贪污、非法倒卖土地使用权、巨额 财产来源不明一案，作出一审判决：肖作新、周纪美夫妇分别 被 判处无期徒刑和死刑，缓期二年执行，并处没收个人全部财产。	没收	24	25
467	Justice:Fine	3	又到了药酒热卖的时候，很多的民众习惯到便利商店购买药酒补身 ，不过高雄县卫生局正准备全 面取缔，因为药酒到现在被列为药 品，无照贩卖的将会处以重罚。	重罚	10	11
468	Justice:Fine	3	新华社巴西利亚１１月６日电（记者郑大方）巴西大型石油企业“ 巴西石油公司”因原油再次泄漏污染环境，被圣保罗州政府依据环 境保护法处以１０３万美元的罚款。	罚款	11	12
469	Transaction:Transfer-Ownership	10	业内人士在联想和IBM达成收购交易的时候表示，合并虽然会使 联想公司规模大大扩大，一举使联想在国际舞台上占有一席之地， 成为世界级公司，但公司也将面临许多管理上的挑战，利润也可能 被稀释。	收购	0	1
470	Transaction:Transfer-Ownership	10	走进这间不起眼的老房子，就是从日军时代开始已经三代单传的正 岛番刀师傅，师傅姓陈，但附 近居民都叫他华纳哲士，来买刀的 原著民按闽南语发音把华纳叫成了番刀王，不管是华纳还是番 师 傅打出来的番刀的确有一套。	买	10	11
471	Transaction:Transfer-Ownership	10	调查发现，10名已婚或与男友同居的中国女性当中，几乎有9人 表示，他们在诸如购买房子和汽车等大件物品时，至少可以与男人 平等参与意见。	购买	7	8
472	Transaction:Transfer-Ownership	10	新华社乌鲁木齐１０月７日电（记者孙彬）记者从新疆维吾尔自治 区体育局获悉，乌鲁木齐南门体育场的整体资产将全部拍卖，拍卖 仪式将于１０月２６日中午１２时在乌鲁木齐昆仑宾馆公开进行。	拍卖	7	8
473	Transaction:Transfer-Ownership	10	新华社乌鲁木齐１０月７日电（记者孙彬）记者从新疆维吾尔自治 区体育局获悉，乌鲁木齐南门体育场的整体资产将全部拍卖，拍卖 仪式将于１０月２６日中午１２时在乌鲁木齐昆仑宾馆公开进行。	拍卖	9	10
474	Transaction:Transfer-Ownership	10	由于南门体育场目前已不能满足新疆各族人民体育文化生活的需要 ，为全面推动新疆体育事业的发展，减轻国家投资压力，新疆维吾 尔自治区党委、政府决定，按照市场规律运作，在海内外进行广泛 招商，依据《拍卖法》整体拍卖南门体育场资产，用拍卖所得资金 易地重建一座现代化、高标准、全国一流的园林式的新疆体育中心 。	拍卖	20	21
475	Transaction:Transfer-Ownership	10	由于南门体育场目前已不能满足新疆各族人民体育文化生活的需要 ，为全面推动新疆体育事业的发展，减轻国家投资压力，新疆维吾 尔自治区党委、政府决定，按照市场规律运作，在海内外进行广泛 招商，依据《拍卖法》整体拍卖南门体育场资产，用拍卖所得资金 易地重建一座现代化、高标准、全国一流的园林式的新疆体育中心 。	拍卖	22	23
476	Transaction:Transfer-Ownership	10	新疆体育局的负责人表示，非常欢迎海内外的有识之士积极参与南 门体育场的拍卖和新场馆的建设，参与者一定会得到丰厚的经济和 社会回报。	拍卖	3	4
477	Transaction:Transfer-Ownership	10	据介绍，南门体育场拍卖标的在新疆乃至全国都是少有的大项目， 担任此次拍卖工作的是新疆成立最早、员工经验丰富的乌鲁木齐天 平拍卖有限公司。	拍卖	2	3
478	Transaction:Transfer-Ownership	10	据介绍，南门体育场拍卖标的在新疆乃至全国都是少有的大项目， 担任此次拍卖工作的是新疆成立最早、员工经验丰富的乌鲁木齐天 平拍卖有限公司。	拍卖	4	5
479	Business:Merge-Org	3	业内人士在联想和IBM达成收购交易的时候表示，合并虽然会使 联想公司规模大大扩大，一举使联想在国际舞台上占有一席之地， 成为世界级公司，但公司也将面临许多管理上的挑战，利润也可能 被稀释。	合并	2	3
480	Business:Merge-Org	3	内蒙古民族歌舞剧院是由内蒙古歌舞团和内蒙古民族剧团联合组建 的，这两个文艺团体合并后可以优势互补，更好地代表蒙古族歌舞 艺术的水平。	组建	0	1
481	Business:Merge-Org	3	内蒙古民族歌舞剧院是由内蒙古歌舞团和内蒙古民族剧团联合组建 的，这两个文艺团体合并后可以优势互补，更好地代表蒙古族歌舞 艺术的水平。	合并	3	4
482	Life:Divorce	3	据说布拉德彼特要跟安妮斯顿离婚了，还有听说黑木瞳好像也有离 婚的趋势。	离婚	0	1
483	Life:Divorce	3	据说布拉德彼特要跟安妮斯顿离婚了，还有听说黑木瞳好像也有离 婚的趋势。	"离
婚"	2	4
484	Life:Divorce	3	离婚有很多很多理由， 而最根本的只有一个： 我不想妥协。	离婚	0	1
485	Business:Declare-Bankruptcy	1	在对一些企业提起诉讼的同时，华融还对资不抵债的北京鸿高玉苑 物业管理有限公司、北京十三陵明皇蜡像馆等两家企业，向北京市 中级人民法院提起了破产清算申请，涉及债权金额约１０亿元。	破产	8	9
486	Justice:Extradite	1	新华社马德里１１月２４日电（记者夏顺英）西班牙政府２４日批 准了西班牙和意大利关于追捕恐怖主义分子和黑手党分子等重大罪 犯的条约，以替换现有的引渡协定。	引渡	8	9
